run,event_number,shower_start_sf,sum_hit_density_w_sf,sum_qdc_sf,max_qdc_per_sf_plane,n_hits_sf,max_n_hits_per_sf_plane
5132,4112645,1,698,84.4900005236268,25.949999637901783,48,17
5132,5089767,3,308,15.230000378564,18.250000175088644,40,19
5132,6868175,-1,1232,22.909999281167984,22.520000122487545,63,35
5132,8262964,4,637,26.849999833852053,17.259999992325902,51,21
5132,12469833,4,575,36.41999976709485,16.570000037550926,53,23
5132,15636395,-1,175,64.57000039331615,20.669999837875366,32,9
5132,21749205,3,623,5.199999626725912,12.569999784231186,51,20
5132,24123474,-1,502,35.4000009149313,24.37000012397766,59,19
5132,24683585,1,681,118.13999824225903,42.019998751580715,62,19
5132,24705240,-1,173,12.74000058323145,6.230000451207161,35,8
5132,25652857,5,750,14.52000007033348,16.499999940395355,53,29
5132,26170179,-1,418,53.88000002875924,22.21999967098236,51,15
5132,26171176,-1,525,79.89000146277249,30.680000320076942,59,20
5132,28219794,-1,280,16.709999430924654,17.179999887943268,35,12
5132,29703019,4,547,39.53999989107251,30.969999780878425,45,20
5132,45683696,-1,290,49.53000080212951,19.910000063478947,43,16
5132,47694086,1,489,52.74999998137355,28.55999992415309,52,19
5132,50707712,5,728,69.69000001624227,43.08000008389354,49,25
5132,51108013,1,420,81.50999973714352,23.329999554902315,49,14
5132,57016849,-1,160,61.519999261945486,21.34999993443489,32,12
5132,64375516,-1,407,23.10000018775463,23.76999980211258,47,13
5132,66973178,-1,221,-11.110000075772405,3.220000058412552,34,9
5132,69387664,3,1694,63.929998740553856,63.189999379217625,75,35
5132,72612125,3,342,64.01000000163913,28.260000303387642,34,15
5132,73357509,-1,424,58.27000103145838,26.700000628829002,37,16
5132,73610878,5,592,12.299999374896288,19.13999979197979,50,24
5132,78021050,1,783,62.54000010713935,35.87999992072582,44,21
5132,81943702,4,535,71.96999951452017,28.239999894052744,53,22
5132,84376682,3,859,70.30000032484531,27.539999768137932,70,21
5132,85680361,4,576,64.15000057592988,25.510000359266996,65,23
5132,87753880,-1,95,42.1499999165535,19.520000159740448,27,6
5132,88157767,5,412,50.83999850228429,15.929999951273203,45,13
5132,95802121,4,373,31.029999747872353,13.259999811649323,45,16
5132,101947508,2,505,67.01000130176544,32.62000048160553,50,19
5132,109265188,-1,232,51.59000006876886,17.340000450611115,34,12
5132,115421367,-1,340,31.55999992415309,20.940000116825104,40,11
5132,120004315,-1,138,22.720000034198165,9.769999800249934,31,10
5132,124512885,-1,120,31.529999427497387,12.479999840259552,27,6
5132,127384364,4,776,30.939998917281628,17.069999657571316,60,32
5132,136110468,1,502,31.299998924136162,28.559999212622643,50,20
5132,139394240,3,1056,86.78000158257782,46.8700010702014,56,26
5132,139706986,-1,216,21.91000071167946,21.789999954402447,31,11
5132,142463676,-1,244,38.10999828763306,20.899999679997563,43,12
5132,142560447,-1,355,37.09999978914857,14.029999934136868,45,15
5132,145234611,-1,417,41.53000069409609,35.37000022083521,46,15
5132,147800935,1,1829,177.23000065237284,169.61000095307827,78,41
5132,148144254,-1,499,44.430000288411975,27.78000047802925,49,20
5132,151905693,-1,121,63.80000041797757,19.180000334978104,30,8
5132,163119511,-1,339,26.860000055283308,27.209999829530716,40,13
5132,166105724,-1,190,33.23999962583184,21.579999804496765,27,8
5132,172149903,5,1428,116.98000015132129,86.260000532493,73,33
5132,173237815,-1,787,11.009999940171838,10.650000095367432,62,21
5132,176020446,-1,130,18.980000032112002,17.179999850690365,27,8
5132,177243938,1,454,41.00000083446503,22.65000019222498,43,16
5133,1952291,-1,287,29.819999776780605,15.239999949932098,44,18
5133,14233926,-1,383,16.560000171884894,10.30999999307096,49,16
5133,19346654,-1,630,15.690000591799617,10.660000011324883,57,19
5133,25381354,1,885,33.98999992199242,16.050000101327896,59,26
5133,30015181,-1,270,66.05000048875809,33.000000316649675,32,9
5133,30286670,-1,281,12.289999231696129,13.859999936074018,37,12
5133,37055650,-1,378,4.560001667588949,9.950000047683716,44,15
5133,41559800,-1,296,11.37000022828579,18.859999403357506,39,15
5133,43952350,1,793,40.04999959655106,14.949999999254942,59,24
5133,51491038,-1,308,47.14999936334789,16.489999808371067,41,13
5133,51862419,-1,177,71.85999978333712,31.58999989181757,33,10
5133,53677281,-1,256,39.989999413490295,17.119999438524246,35,8
5133,53798103,5,1120,95.45999917387962,27.07999984920025,65,32
5133,54680291,-1,344,38.75000075250864,16.700000032782555,44,20
5133,65545241,-1,208,58.61999951675534,31.079999715089798,31,8
5133,69384383,-1,463,19.72999957576394,23.53999987244606,53,19
5133,70227559,-1,204,43.60999971628189,18.43000005185604,36,9
5133,71097228,-1,309,50.79999924078584,15.139999806880951,36,9
5133,71259400,-1,493,48.6800000667572,22.210000060498714,57,14
5133,72287916,5,983,81.80000089854002,49.19000093638897,57,23
5133,75784754,3,293,44.20000061392784,19.39999988861382,39,16
5133,78109346,-1,294,46.55999983102083,24.289999842643738,41,16
5133,82093057,5,641,35.490000165998936,14.000000208616257,58,23
5133,86763054,-1,457,37.270000556483865,18.269999789074063,40,11
5133,88426728,-1,360,49.55000061169267,18.08000007085502,46,17
5133,92537969,-1,377,22.199999192729592,17.41999987885356,49,17
5133,97440328,2,639,64.67999928072095,43.87999994494021,54,22
5133,98685421,-1,714,62.6399997305125,28.07999999076128,54,22
5144,694014,-1,223,29.760000351816416,15.279999952763319,38,12
5144,6326494,3,686,14.700002118945122,20.660000443458557,44,15
5144,11202109,1,1558,61.19999918341637,18.699999928474426,69,35
5144,11249023,-1,306,69.54000058211386,23.380000203847885,44,16
5144,14177378,-1,197,15.230000397190452,9.940000027418137,31,9
5144,15171522,-1,268,41.70000079460442,17.390000373125076,39,10
5144,17345548,5,717,65.8099996689707,22.25000025331974,60,34
5144,17698645,-1,149,62.88000037148595,15.500000596046448,32,11
5144,17997357,-1,342,54.130000188946724,21.149999737739563,47,15
5144,23128776,5,232,38.909999718889594,17.96000031940639,39,16
5144,25292701,5,1243,-16.19000069051981,8.609999924898148,70,43
5144,30541090,-1,254,41.80000010877848,13.019999980926514,37,10
5144,40057529,-1,183,64.5900003388524,29.54000036418438,34,9
5144,40595287,3,558,40.240000983700156,19.6400006711483,49,24
5144,46967435,-1,320,54.59000154398382,16.690000182017684,47,16
5154,6764177,-1,794,91.48999883234501,32.370000034570694,78,27
5154,7337296,3,677,67.28999988362193,58.2000000923872,56,20
5154,10856816,-1,264,82.31000056676567,32.469999738037586,40,12
5154,22375824,-1,173,44.37999965623021,16.489999782294035,35,13
5154,22700504,-1,219,68.41000035405159,33.070000141859055,40,10
5154,24732766,5,1272,63.46000070311129,61.680000403895974,59,32
5154,24843013,3,617,79.25000092759728,37.3400003220886,54,26
5154,25836256,-1,232,39.26000018790364,15.969999969005585,36,12
5154,32509336,-1,576,28.940000489354134,33.420000076293945,49,17
5154,33501072,-1,149,47.38000042364001,18.559999883174896,31,8
5154,33585863,5,944,45.39000064507127,18.530000060796738,76,38
5154,35159187,-1,194,-2.1199995055794716,14.310000091791153,32,8
5154,35678252,-1,287,28.5999993160367,8.449999615550041,37,16
5154,40435338,-1,206,33.09000012092292,14.240000069141388,30,10
5154,42071021,-1,464,45.39000056684017,22.52999985218048,56,17
5154,44747787,-1,263,19.190000222995877,12.520000219345093,28,7
5154,46520992,-1,268,56.370000844821334,27.76000052690506,34,12
5154,48194366,-1,144,23.61000021919608,8.860000014305115,30,8
5154,49518451,-1,198,66.08999920450151,30.230000145733356,32,10
5154,50347343,-1,188,50.93999954685569,23.080000165849924,35,11
5154,60299967,1,836,5.2300001587718725,16.689999848604202,55,26
5154,60708672,-1,180,34.74000070989132,21.03000020980835,36,10
5154,62379121,-1,264,59.269999980926514,22.92999993637204,43,16
5154,69979303,2,653,9.979998737573624,9.339999973773956,50,23
5154,73442362,-1,325,-0.8799993842840195,17.28999964147806,45,12
5154,78049004,-1,131,32.970000423491,12.990000069141388,29,8
5154,79653530,2,5165,171.51000138930976,128.31000092439353,98,62
5154,84450826,-1,328,32.869999289512634,15.930000007152557,44,13
5154,84455504,2,1831,-44.40000095963478,5.890000283718109,77,40
5154,85245148,-1,533,2.379999188706279,10.429999768733978,40,14
5154,87552606,-1,156,46.36999980546534,14.890000104904175,30,8
5154,94271898,-1,334,40.82999943755567,15.470000118017197,44,17
5154,94935707,5,705,39.380000008270144,15.32999999821186,54,29
5154,99108255,-1,177,52.44000004418194,20.129999708384275,38,10
5154,100543041,3,2708,15.08999933861196,9.079999953508377,75,45
5154,104286928,-1,188,24.91000058874488,15.999999850988388,32,9
5154,105308317,3,1734,47.81999915651977,40.63999950326979,78,45
5154,108245035,-1,1039,6.9000001810491085,12.860000031068921,80,42
5154,108645660,-1,368,42.62999963015318,15.800000216811895,41,16
5154,108980646,-1,347,57.890000611543655,25.890000184997916,42,12
5154,109356142,4,517,29.55000041425228,17.329999681562185,48,18
5154,117054599,5,487,11.75000049546361,20.3900004029274,44,16
5154,119031155,2,725,83.70000039972365,39.97000016644597,53,22
5154,119408864,4,1082,5.630000084638596,7.4000001437962055,59,29
5154,122251822,-1,498,16.86000026203692,16.19000032544136,43,20
5154,125413390,-1,185,44.96999963931739,25.189999729394913,36,11
5154,125788222,-1,422,43.48999955877662,24.35000003874302,43,17
5154,129570848,2,625,125.19000035710633,59.46000023186207,48,23
5154,138853298,-1,624,22.72000017389655,17.12000022828579,57,24
5154,139263711,-1,482,20.400000136345625,10.990000486373901,49,19
5154,149550660,5,457,39.73000027611852,28.140000451356173,51,18
5154,153428381,-1,315,33.579999243840575,22.309999680146575,39,13
5154,155822400,1,2080,61.91000045835972,25.520001083612442,96,47
5154,160265748,-1,294,69.25000009685755,22.620000150054693,41,11
5154,160325170,-1,214,55.409999415278435,25.78999951481819,39,12
5154,163897811,-1,714,93.66999951936305,63.890000250190496,73,22
5154,164142944,1,319,30.78999874740839,42.44999937713146,42,15
5154,167134510,-1,247,18.74999970011413,10.369999874383211,37,13
5154,170030774,2,729,-5.649999916553497,10.48000005632639,53,23
5154,171573456,-1,142,25.439999535679817,18.159999892115593,28,9
5154,176260551,-1,207,62.000001007691026,20.420000810176134,36,11
5157,3166193,-1,251,22.480001010000706,8.020000137388706,37,11
5157,11649856,1,326,53.73000067472458,34.42999988421798,49,16
5157,12129014,-1,453,54.81000038981438,22.620000276714563,41,18
5157,13199945,-1,267,56.25999973155558,22.71999992802739,38,10
5157,13581931,-1,273,34.6600002720952,15.200000539422035,41,16
5157,14868765,-1,156,13.350000208243728,8.17000000178814,30,9
5157,21190355,-1,250,19.83999908529222,15.489999802783132,32,9
5157,26498205,-1,254,66.09999942034483,26.649999767541885,41,11
5157,27151707,-1,223,26.999999657273293,14.610000193119049,33,8
5157,30926400,-1,335,56.0800001565367,33.29000022634864,45,15
5157,32440137,-1,114,45.62999977171421,19.21000000834465,27,7
5157,32527894,-1,249,26.119999803602695,9.670000007376075,33,11
5157,38253211,3,1200,-38.01999944448471,8.869999676942825,60,39
5157,46933286,4,964,-0.5599998217076063,12.720000267028809,56,29
5157,47666004,2,947,49.1800018530339,12.720000691711903,75,32
5157,47818481,-1,167,17.800000730901957,9.450000436976552,32,8
5157,49014153,-1,114,40.39000050723553,15.100000590085983,29,8
5157,53961243,-1,481,92.89000028185546,37.76000043749809,40,16
5157,54532551,2,530,29.19000049121678,13.01999968662858,41,17
5157,60139205,-1,696,34.869998866692185,15.499999824911356,50,26
5157,60330697,2,525,-3.819999821484089,46.270000487565994,51,17
5157,61937712,-1,323,81.44000031426549,28.950000286102295,46,15
5157,66235473,-1,367,42.669999081641436,15.449999639764428,48,13
5157,67770350,1,633,93.77000130154192,53.57000042125583,50,23
5157,72409335,4,364,100.55000025220215,41.76999995112419,44,22
5157,73591717,-1,571,30.780000168830156,15.890000406652689,68,29
5157,75029230,4,528,70.15000022575259,32.590000566095114,49,26
5157,75196255,2,1108,51.64999794587493,24.23999845981598,70,21
5157,84731234,-1,259,40.18000069633126,14.920000735670328,44,14
5157,85868097,1,353,36.950000355020165,21.32000035047531,49,16
5157,88301468,1,830,62.65000152774155,38.22000039741397,71,29
5157,90120061,-1,575,5.669999981299043,13.559999972581863,56,29
5157,91371744,4,334,69.70999993756413,27.67000038176775,42,13
5157,91556921,3,538,46.47000007331371,11.540000319480896,54,26
5157,95883861,5,383,42.83999981172383,24.549999987706542,44,20
5157,96074165,-1,237,32.14999916777015,15.629999667406082,37,11
5157,99785584,-1,232,66.43000040948391,20.859999895095825,38,9
5157,100719161,-1,196,49.299999540671706,17.160000011324883,34,8
5157,108062525,-1,310,-1.720000697299838,4.1599999368190765,34,11
5157,109835238,1,539,54.5799990221858,15.5599994212389,47,25
5157,111261136,-1,296,44.75000053085387,22.29000014066696,35,11
5157,112930499,1,745,23.289999468252063,13.799999194219708,57,19
5157,122507878,1,799,98.83000086806715,46.07000019773841,73,32
5157,123934997,-1,494,46.55999949760735,22.699999690055847,55,15
5157,125699080,-1,182,38.99000036716461,15.790000084787607,33,12
5157,133814317,-1,328,28.910000124946237,12.710000148043036,38,13
5157,142739126,-1,230,61.60000083968043,20.300000309944153,39,11
5157,149722450,4,520,53.379999212920666,22.699999768286943,58,21
5157,150754982,-1,385,2.82000045850873,4.990000240504742,50,14
5157,153050392,4,297,81.4499992299825,29.84999984689057,40,14
5157,153241837,1,689,29.969999887049198,10.310000006109476,52,27
5157,159977647,-1,509,58.7900013551116,19.100000128149986,47,18
5157,160069491,-1,407,50.19000036083162,23.540000166743994,49,15
5157,160077698,-1,140,47.53999972343445,23.850000083446503,31,9
5159,2262343,5,391,25.120000319555402,20.819999635219574,50,17
5159,5962571,-1,464,70.7299993596971,29.04999982006848,54,16
5159,7576765,-1,367,54.15000093355775,26.180000483989716,41,12
5159,10459175,4,577,-9.219999888911843,17.209999721497297,56,19
5159,11484542,-1,369,33.959998816251755,18.609999924898148,44,12
5159,11791987,4,804,60.59999902173877,29.270000487565994,71,24
5159,14666401,-1,547,33.90000009164214,21.83999977633357,51,17
5159,14991458,-1,228,45.29000043682754,18.960000179708004,37,10
5159,16773412,5,366,34.960000433027744,18.210000410676003,45,17
5159,17016903,-1,265,66.22000098600984,21.030000381171703,39,14
5159,26364025,-1,169,20.820000052452087,13.25,36,14
5159,27083536,4,366,55.770000264048576,45.69000005722046,45,18
5159,28784773,-1,178,15.219999924302101,18.890000104904175,34,11
5159,32607159,3,304,102.35999977216125,30.799999844282866,41,15
5159,41193682,3,1607,57.68000026419759,44.76000024192035,71,30
5159,42666952,-1,346,27.299999941140413,21.86000031232834,42,19
5159,52112004,-1,513,75.87999988533556,24.579999912530184,50,16
5159,52754401,-1,243,30.600000113248825,15.830000132322311,39,11
5159,59429177,-1,152,19.739999931305647,14.06000006198883,32,9
5159,61516268,1,559,121.05999887734652,63.81999886780977,49,22
5159,61615577,-1,553,44.77000021189451,21.250000298023224,62,18
5159,64245920,-1,292,9.439999338239431,7.419999942183495,32,12
5159,65966316,-1,193,30.44999985024333,11.310000151395798,34,12
5159,68750679,-1,202,63.32999982871115,25.55000004172325,28,8
5159,70181818,-1,181,28.659999571740627,20.50999977439642,30,8
5159,76418000,-1,390,36.429999120533466,17.34999991208315,35,12
5159,83046152,1,643,73.55000028572977,45.41000015474856,43,21
5159,84834677,5,634,73.90999990142882,27.68000029027462,56,21
5159,89852916,-1,292,69.64000023901463,22.190000250935555,38,10
5159,93473974,-1,169,13.179999485611916,19.169999539852142,30,7
5159,93871020,-1,467,30.289999740198255,11.72000002861023,45,21
5159,95605273,3,1062,76.43000067025423,30.270000025629997,74,26
5159,102625628,1,1065,35.38000008650124,25.150000616908073,72,27
5159,107228383,-1,334,48.93000037223101,12.090000107884407,40,11
5159,115075650,5,482,27.64999994635582,20.780000016093254,47,15
5171,1093298,-1,264,34.18000012636185,15.88000038266182,33,13
5171,7840803,-1,232,39.21000063419342,16.789999902248383,36,12
5171,8245440,-1,191,67.480000436306,38.66000035405159,34,11
5171,12089020,-1,150,36.00999996624887,16.720000252127647,28,7
5171,12392717,3,504,18.179999643936753,19.549999803304672,56,24
5171,13305454,-1,372,73.8100001718849,39.27000033855438,42,14
5171,21642370,-1,388,60.19999963790178,32.38999982923269,41,14
5171,38651826,-1,348,30.990000559017062,11.169999971985817,45,18
5171,45031500,3,2826,110.06999897770584,68.07999939844012,80,46
5171,46116226,-1,293,49.05999991670251,29.329999715089798,44,15
5171,47373770,3,683,-6.400000389665365,8.740000233054161,55,22
5171,52259932,5,408,22.610000014305115,10.529999881982803,46,14
5171,53889567,-1,241,16.519999258220196,16.610000044107437,35,11
5171,55632411,2,1016,21.870000695809722,19.270000215619802,65,35
5171,56595008,-1,135,44.010000210255384,25.909999787807465,33,9
5171,60462031,4,774,53.33999937772751,34.44999986886978,67,27
5171,62748182,-1,489,66.18999935686588,15.98999947309494,45,24
5171,63696812,-1,486,20.020001297816634,14.030000746250153,56,18
5171,67062698,-1,253,11.229999408125877,8.089999988675117,37,13
5171,67312398,5,798,67.19999954104424,24.03999975323677,48,17
5171,69640691,-1,146,43.27000017464161,17.77000005543232,32,10
5171,70490727,-1,284,29.990001091733575,32.43000014312565,39,13
5171,72913634,-1,325,39.53000019490719,15.950000122189522,36,14
5171,73540995,-1,207,29.960000939667225,21.559999883174896,33,8
5171,77197235,5,715,58.600000059232116,21.84000000357628,63,22
5171,78993929,-1,318,70.32999912649393,20.299999460577965,46,15
5171,79964313,-1,291,29.959999356418848,12.270000100135803,37,11
5171,80725661,2,736,60.05999983847141,33.68999970704317,50,27
5171,87047222,-1,298,38.86999958381057,29.53999976068735,44,12
5171,94022986,-1,165,28.159999914467335,14.489999987185001,33,9
5171,94903501,3,738,8.910000119358301,24.4999996162951,54,23
5171,97459462,2,707,109.89000022038817,41.21000013500452,62,24
5171,107137404,-1,301,45.00000027939677,14.600000843405724,38,15
5171,108503374,-1,320,47.22000018134713,15.940000027418137,40,16
5180,3129149,-1,252,63.79999975860119,32.48999971151352,43,13
5180,3904362,-1,155,27.589999843388796,13.219999868422747,33,8
5180,6558188,3,871,-5.609999660402536,10.399999938905239,63,27
5180,12176761,4,475,55.58999951928854,22.549999490380287,41,14
5180,12268029,-1,415,-6.530000612139702,9.97999994456768,36,10
5180,22848200,3,591,-7.340001221746206,11.919999405741692,55,18
5180,24563371,-1,269,44.950000025331974,19.800000354647636,37,10
5180,26285014,-1,176,19.70999980904162,12.33000011742115,38,15
5180,43453971,-1,94,29.600000891834497,15.490000274032354,25,6
5180,45588619,-1,264,70.00999972224236,19.819999672472477,39,13
5180,52235197,3,354,40.58000015094876,12.219999834895134,39,18
5180,53205291,2,489,2.3100005351006985,15.629999816417694,46,24
5180,53543390,-1,215,45.07999990135431,17.78999988734722,34,10
5180,53997973,-1,181,41.21000012382865,16.080000024288893,32,9
5180,56216988,-1,304,24.90999973192811,13.150000002235174,41,14
5180,58291897,5,1021,25.510000633075833,9.729999884963036,56,31
5180,58295958,-1,165,54.72999972477555,28.16999986767769,32,10
5180,81284079,-1,213,25.119999727234244,15.320000048726797,37,14
5180,84433432,4,393,52.01999993249774,20.280000219121575,41,11
5180,85703030,-1,251,60.42000068537891,15.330000430345535,36,10
5180,86211433,-1,382,23.270000519230962,15.649999987334013,46,14
5180,90067226,3,548,41.54999943636358,18.099999636411667,52,30
5180,90682934,-1,320,22.040000662207603,7.719999939203262,47,14
5180,94065716,-1,188,44.689999878406525,30.26999980211258,36,12
5180,96865726,-1,122,20.359999768435955,9.340000167489052,29,8
5180,98301248,2,1350,123.84000117890537,65.58000043220818,66,31
5180,98612597,5,775,107.65000117942691,41.870000548660755,61,24
5180,99831632,-1,287,50.24000009521842,17.06999984756112,38,10
5180,101763865,-1,419,62.790000289678574,25.26999992132187,46,19
6215,3338128,-1,132,36.039999667555094,15.309999842196703,27,6
6215,6566385,-1,300,0.8099998198449612,4.760000078007579,41,11
6215,8983817,-1,301,104.35999873280525,44.2299994379282,41,12
6215,13877687,1,699,62.900000639259815,20.859999656677246,52,26
6215,23008381,2,589,13.529999723657966,13.739999797195196,55,18
6223,3337425,-1,121,7.410000033676624,7.930000051856041,32,8
6223,6055281,-1,332,30.0900009367615,21.7600000500679,45,20
6223,12542565,-1,130,66.31000008061528,17.329999957233667,28,9
6223,23862622,-1,300,63.54999973997474,24.309999994933605,42,16
6223,26773482,4,568,11.26999949477613,14.339999973773956,53,22
6223,27396084,-1,151,32.530000269412994,10.179999992251396,29,7
6223,28589687,-1,334,66.26999966800213,21.709999680519104,39,13
6223,30651137,-1,199,10.389999659731984,11.490000069141388,38,12
6223,34189758,-1,204,86.80000066570938,23.74000032618642,39,11
6223,44619183,-1,480,21.98000025935471,11.850000329315662,59,19
6223,46306149,4,519,54.56999949738383,43.3900001719594,61,20
6223,49752496,-1,288,22.61999985575676,16.999999910593033,36,10
6226,14574892,-1,524,28.919999450445175,22.07999986410141,56,27
6226,15947823,2,646,21.140000756829977,23.600000608712435,58,19
6226,16114614,-1,204,73.3199992980808,22.3599998280406,35,9
6226,23140256,-1,154,55.07000043615699,19.419999983161688,32,10
6226,26664127,-1,363,58.099999859929085,26.809999987483025,35,15
6226,27943903,4,431,39.29999995045364,17.440000019967556,42,17
6226,38655185,-1,308,30.790000282227993,14.740000247955322,45,13
6226,39205143,-1,173,37.05999938957393,16.43999981880188,30,8
6226,39254453,-1,297,26.149999288842082,20.849999606609344,41,15
6226,41502008,-1,268,40.59000001847744,17.619999945163727,34,11
6226,53248917,-1,246,-2.95000022649765,4.279999986290932,42,13
6226,54879643,-1,186,41.619999224320054,14.539999604225159,36,11
6226,56090238,1,1250,25.52999983727932,11.560000389814377,73,35
6226,56171814,2,790,43.57000048086047,15.069999918341637,55,22
6226,60714764,-1,280,35.12999998964369,18.540000319480896,38,13
6226,64366794,-1,315,62.02000039443374,24.75999939441681,40,12
6226,64842643,-1,401,26.219999155029655,12.520000115036964,47,18
6226,66242065,2,798,45.71000003814697,21.250000029802322,60,24
6226,68410917,1,390,3.519999846816063,16.640000104904175,41,13
6226,69822207,2,523,17.780000146478415,12.980000281706452,48,21
6226,74327873,-1,287,26.92999892309308,15.22000002861023,42,14
6226,78285854,4,1423,84.67000091075897,22.61000058799982,74,42
6226,81934210,-1,285,58.49999959394336,32.310000002384186,43,17
6226,83512319,3,593,7.960000293329358,13.949999684467912,52,14
6226,89363882,-1,249,38.55000043287873,12.840000461786985,36,10
6226,91393831,4,640,20.95999975502491,21.060000151395798,59,19
6226,92831727,-1,165,56.89000083133578,16.48000033199787,33,10
6226,95628057,1,688,122.46999977901578,31.980000019073486,67,20
6226,95819455,2,1472,85.8099998254329,53.46000022627413,75,38
6226,97812188,-1,205,7.800000600516796,4.860000059008598,30,10
6226,101285257,-1,309,36.88000025600195,27.79999977350235,46,13
6233,14928330,2,809,108.28999982215464,68.75999969802797,53,25
6233,16204416,-1,445,42.82999965921044,23.220000088214874,44,17
6233,19737160,-1,380,53.67999883554876,36.179999651387334,44,14
6233,21515662,3,1381,54.989999728277326,22.059999868273735,73,35
6233,26093079,-1,248,1.9300006236881018,15.950000360608101,44,10
6233,30739475,-1,246,66.06000093184412,20.630000308156013,43,12
6233,32872320,-1,218,52.78999905847013,18.259999930858612,33,12
6233,34834509,-1,246,40.40999988093972,21.789999663829803,39,11
6233,41180716,5,416,72.32999913394451,26.799999561160803,44,20
6233,41773545,1,460,-4.8099987879395485,3.2100005876272917,51,18
6233,47449576,1,582,60.97000063024461,26.009999841451645,56,20
6233,52816444,-1,228,45.99000091664493,15.57000040076673,40,11
6233,57743387,2,426,27.61000003479421,8.070000259205699,41,17
6237,9039683,-1,330,35.3499999307096,16.709999982267618,38,10
6237,10168287,3,827,34.18999993056059,18.12999975681305,51,25
6237,10699738,4,654,6.230000330135226,17.670000463724136,48,22
6237,11705963,-1,201,25.979999881237745,13.84000015258789,37,11
6237,12339935,-1,235,19.449999541044235,12.069999650120735,36,11
6237,12964037,-1,207,13.780000038444996,14.980000227689743,36,11
6237,13914925,-1,120,35.92999938316643,16.270000264048576,29,9
6237,20189371,-1,258,54.859999714419246,24.24999988079071,38,10
6237,21284004,4,701,44.5899998024106,14.450000423938036,62,25
6237,28288304,-1,217,46.180000349879265,14.680000007152557,29,10
6237,33330468,3,308,21.609999230131507,16.699999755248427,47,20
6237,43212544,-1,314,61.47999993339181,19.470000326633453,38,17
6237,47534294,-1,193,68.80000026151538,19.43000040948391,36,9
6237,55932562,-1,177,56.15999932587147,18.56000018119812,30,9
6237,64134988,1,317,47.22000028192997,14.560000091791153,46,13
6237,67272893,-1,259,28.920000471174717,14.870000138878822,39,16
6237,67612451,-1,495,52.71000178344548,32.02000114321709,54,15
6237,72868071,-1,195,38.00999985821545,12.25999972037971,33,9
6237,85921427,-1,201,54.280000323429704,20.019999595358968,36,13
6237,86749483,2,1822,34.13999951258302,18.129999816417694,89,38
6237,88987234,3,394,31.3099996894598,37.00000036507845,50,17
6237,89675368,-1,268,25.9200005736202,14.610000401735306,36,12
6237,92132611,-1,132,49.860000755637884,15.75999990105629,32,8
6237,95258486,-1,157,28.13999990746379,18.35000029951334,35,11
6237,96837612,1,493,-5.629999997094274,11.640000015497208,47,19
6237,97222355,-1,166,32.95999978855252,18.799999497830868,34,14
6246,4121561,-1,229,10.54999909363687,8.939999878406525,34,9
6246,4601815,-1,428,66.64999993890524,21.570000059902668,54,17
6246,5885373,1,1211,21.369999496266246,22.49000024050474,56,33
6246,6732115,-1,134,20.96999990940094,15.150000035762787,32,9
6246,9984305,-1,389,108.25999972969294,25.59999992698431,47,17
6246,10316911,1,3758,113.46999854780734,101.72999913804233,100,53
6246,11506139,-1,351,46.36999938078225,17.699999867007136,41,11
6246,11992595,-1,209,40.42000004649162,21.640000194311142,37,14
6246,14593483,-1,174,43.88999960385263,19.899999678134918,29,8
6246,19473322,4,351,41.93999984115362,17.26999957114458,36,13
6246,21060373,-1,258,35.57000087574124,14.590000092983246,39,10
6246,21383273,-1,228,40.60000083222985,12.569999992847443,35,10
6246,22998500,-1,278,39.99000034853816,17.770000480115414,34,10
6246,31351983,4,535,38.64999864064157,16.029999531805515,47,13
6246,39702302,2,1758,62.99999975785613,36.39999967813492,86,39
6246,41224976,-1,128,17.57000015489757,6.400000125169754,29,8
6246,45459450,-1,254,25.079999830573797,11.839999802410603,32,11
6246,47014332,3,749,56.570000475272536,20.630000054836273,62,23
6246,48469802,-1,399,28.480000149458647,12.130000054836273,57,21
6246,48541862,-1,302,-5.4599993750452995,11.869999825954437,40,15
6246,52561256,-1,222,41.8300003297627,18.92000012472272,39,9
6246,53244890,-1,407,43.429999493062496,24.389999955892563,49,17
6246,55232793,1,389,33.499999828636646,17.42000024020672,44,15
6246,67357715,3,593,18.6500005107373,10.70000028423965,41,14
6246,68519468,5,1046,8.360000284388661,13.450000174343586,71,34
6246,69601400,3,742,80.52000045776367,46.97000016272068,52,20
6246,74010276,-1,172,21.659999147057533,15.10999970138073,31,9
6246,74629783,3,718,49.75000020861626,29.580000199377537,57,20
6246,74837510,1,355,70.79999998770654,26.16999988630414,45,19
6246,77028412,1,816,-0.09000071696937084,6.6299999468028545,49,22
6246,94311976,-1,195,30.309998765587807,8.949999928474426,32,9
6246,103527777,-1,393,64.55999982357025,25.029999502003193,38,13
6246,104746704,-1,187,35.15999989211559,15.639999806880951,36,10
6246,107775941,-1,375,74.92000041715801,28.120000295341015,38,12
6250,4649171,1,549,7.299999289214611,13.700000077486038,42,11
6250,13565648,-1,507,79.30999964103103,65.37000052630901,51,22
6250,16011348,-1,348,57.39000018686056,18.909999936819077,38,13
6250,18658425,-1,244,48.749999759718776,32.68999965488911,34,9
6250,23512230,-1,162,40.969999738037586,14.450000047683716,32,9
6250,24557793,-1,291,59.849999725818634,20.98999960720539,42,13
6250,25671059,2,484,5.539999041706324,9.849999845027924,45,16
6250,26014037,-1,250,55.329999785870314,22.359999794512987,39,12
6250,27573779,3,600,66.94000051543117,22.100000128149986,64,19
6250,29744961,-1,387,51.91000010073185,35.280000284314156,43,17
6250,30702829,3,425,42.90000036358833,24.910000145435333,39,13
6250,31155715,-1,618,58.789999298751354,26.640000380575657,60,21
6250,41623760,-1,232,17.090000584721565,13.360000222921371,32,9
6250,46574597,4,458,61.850000858306885,36.0200002156198,44,14
6250,46639392,4,651,97.8199997600168,52.669999999925494,52,20
6252,4369433,-1,119,63.48000033199787,28.270000219345093,25,6
6252,7120405,-1,208,34.49000036716461,14.270000547170639,32,11
6252,13787415,-1,572,37.999999769032,17.529999585822225,59,28
6252,15764866,-1,421,63.1799997612834,31.62000023946166,44,16
6252,17630530,4,382,56.399999633431435,33.129999697208405,47,18
6252,21544081,-1,220,31.229999473318458,32.53999966196716,42,14
6252,24006307,-1,166,16.450000550597906,16.899999856948853,36,12
6252,24218827,-1,151,43.94999971985817,13.459999740123749,29,7
6252,26739078,-1,208,43.04000011086464,21.33999991416931,29,8
6252,31513816,1,448,73.58000023290515,21.130000233650208,42,15
6252,35458501,-1,221,59.11000005714595,19.050000075250864,33,10
6252,36679046,-1,267,66.35999992117286,26.530000675469637,39,11
6252,37315145,3,975,26.940000927075744,24.12999963387847,54,27
6252,38157814,5,1090,106.66000112146139,39.72000082582235,68,34
6252,40681306,2,331,25.70999998599291,19.00000000745058,38,14
6252,41386962,-1,177,67.88000049069524,15.970000147819519,33,10
6252,52462311,-1,313,18.19000032916665,12.749999970197678,40,14
6252,56481936,1,2114,24.629999577999115,31.029999889433384,92,39
6252,57250523,5,609,67.6299991235137,31.52000004798174,51,18
6252,58106771,1,1137,4.1000010054558516,32.10000036470592,68,29
6252,59052038,-1,311,-21.13000075891614,3.3399999141693115,40,13
6252,61080315,-1,262,-0.5599997639656067,12.239999443292618,39,9
6252,62841836,1,566,78.85000104643404,41.71000015735626,52,26
6252,63290295,-1,431,41.0799999833107,17.61000019311905,41,17
6252,78684324,1,2448,48.55999957583845,32.30999985896051,73,47
6252,83507891,1,979,67.89000061154366,23.10000042617321,75,29
6252,86584522,-1,357,30.32999957166612,19.87999957613647,38,16
6252,87664244,-1,247,64.61999950744212,15.519999975338578,36,11
6252,95396228,-1,175,47.64999979361892,17.65000008046627,31,7
6252,101175138,-1,510,-7.070000698789954,8.119999662041664,50,21
6252,102193437,5,435,24.819999858736992,9.300000052899122,47,14
6252,105398584,-1,124,-8.409999182447791,10.42000025510788,29,10
6252,108428449,-1,308,68.16000121086836,25.640000104904175,44,13
6252,108865904,5,680,44.6499994546175,22.56999981403351,46,23
6252,109786182,-1,442,40.110000140964985,20.270000100135803,44,22
6252,111159536,3,976,98.98000007867813,53.620000042021275,49,24
6252,112532102,-1,330,27.29000061005354,14.500000350177288,44,17
6252,112960559,-1,258,39.32000046223402,14.740000113844872,42,19
6252,116383904,-1,537,54.22999946027994,13.319999814033508,52,19
6252,118951492,-1,176,46.45000000298023,15.070000037550926,31,9
6252,125323991,1,528,41.670000491663814,13.93000003695488,44,20
6252,127863222,-1,322,35.759999353438616,17.40999997034669,53,14
6252,129235159,-1,413,-9.289999473839998,9.5900001488626,44,23
6252,129627465,5,472,89.90000043809414,32.39000014960766,42,15
6252,133901250,3,484,71.51999897137284,33.68999943509698,48,15
6252,134165781,1,1191,-23.629999842494726,7.440000057220459,75,29
6252,136480113,-1,555,67.93000061996281,44.180000215768814,56,24
6252,138752762,1,776,58.20000024326146,28.619999522343278,63,25
6252,139009884,-1,161,28.769999332726,11.510000046342611,28,9
6252,140455529,-1,167,35.98000081628561,13.71000024676323,29,9
6252,141799369,-1,445,50.860000282526016,16.8299999833107,48,14
6252,145885203,1,535,11.28999943099916,13.999999850988388,43,17
6252,150072837,-1,255,-0.7300001196563244,10.209999829530716,34,12
6252,154279662,-1,239,25.089998964220285,11.15999960899353,40,10
6252,158450691,-1,257,46.57000022754073,17.34000015258789,38,14
6252,158990557,-1,342,62.179999232292175,30.319999292492867,35,13
6252,161414027,-1,150,37.13999994844198,20.400000035762787,32,10
6252,162303528,-1,271,66.04000105708838,19.43000040948391,33,13
6264,1292125,-1,206,63.55000099912286,20.210000179708004,32,8
6264,3786292,3,327,36.07000048086047,25.270000429823995,34,14
6264,6028133,-1,178,15.929999789223075,9.849999830126762,32,9
6264,6607033,4,366,50.73000001348555,14.980000112205744,42,20
6264,8535480,-1,283,50.66999964416027,24.879999577999115,33,11
6264,21009096,-1,269,23.570000912994146,17.58000011742115,40,11
6264,23727509,-1,228,49.25999973714352,18.660000443458557,35,10
6264,27411956,4,528,31.990001261234283,18.220000386238098,45,20
6264,28094171,5,299,41.009999603033066,24.429999887943268,46,17
6264,40741626,2,737,90.32999943196774,57.07999908551574,58,22
6264,41165242,1,291,37.92999990284443,16.860000044107437,38,15
6264,48770716,5,433,57.10000146180391,34.45000058412552,44,21
6264,51453266,-1,262,26.550000440329313,14.950000166893005,38,16
6264,58512076,3,470,54.60999902524054,34.04999983496964,54,24
6264,59571811,3,519,43.930000299587846,29.490000307559967,51,16
6264,62544721,-1,472,43.08999998494983,23.03999987244606,51,20
6264,66766092,-1,225,57.52000019326806,23.25000010803342,44,15
6264,69274570,-1,243,32.4000006057322,11.67000013589859,28,9
6264,72362232,3,1011,33.69999962486327,31.089999495074153,49,21
6264,76412732,5,386,53.59999926947057,33.99999932013452,40,16
6264,89048258,-1,342,42.550000647082925,12.470000313594937,47,16
6264,89117261,-1,180,31.390000261366367,21.07999974489212,39,13
6264,90314006,4,502,81.50000027380884,34.11999978683889,51,16
6264,100864738,-1,342,6.5999999567866325,8.870000272989273,34,9
6264,102772710,-1,256,40.310000294819474,18.85999997332692,36,11
6264,106472255,-1,261,39.780000407248735,12.190000038594007,39,11
6264,116671489,3,408,12.27000099606812,6.730000257492065,39,17
6264,117372021,-1,168,33.360000155866146,8.59999979659915,38,11
6264,120041009,-1,190,36.1400001347065,18.87999987602234,33,11
6264,128640327,-1,610,56.08999950811267,19.300000488758087,53,17
6264,130998179,-1,156,78.72999969124794,32.46000024676323,31,9
6264,131416403,-1,591,62.349999433383346,30.100000089034438,49,24
6264,134429173,-1,233,19.700000621378422,13.510000042617321,34,10
6264,136049979,1,501,91.14999888278544,47.15999907255173,49,19
6264,138470858,5,312,58.39000056497753,30.310000032186508,40,15
6264,140664903,-1,322,14.140000775456429,9.320000097155571,44,15
6264,143348493,-1,262,46.22999910265207,22.719999879598618,40,14
6264,146088305,4,441,0.9200006015598774,9.950000070035458,45,15
6264,148344223,-1,471,57.88999975845218,19.329999715089798,56,26
6264,148647152,4,1083,65.99000059068203,17.02999983727932,70,31
6264,150302137,-1,174,21.14999930560589,13.709999687969685,33,11
6264,163863851,-1,500,35.909999925643206,15.559999793767929,48,14
6264,166229953,-1,169,40.34000043198466,11.839999943971634,31,11
6264,167947241,-1,370,22.31999940238893,9.039999833330512,40,15
6264,172853880,-1,222,34.47999954596162,12.659999832510948,36,12
6264,175484788,3,1044,74.6600004658103,47.82999972999096,63,31
6264,179864959,-1,159,47.209999561309814,25.209999665617943,32,9
6264,181254958,-1,106,15.99999962002039,9.90999984741211,28,7
6264,182825663,2,377,85.64999925345182,31.7099996432662,43,18
6264,184220578,1,1215,145.73000032827258,74.93000010028481,69,30
6286,1513633,4,618,34.12000062316656,23.129999751225114,61,19
6286,1761231,4,420,61.949999472126365,23.46999979019165,44,13
6286,4240383,-1,316,62.69000032171607,30.87000010162592,41,13
6286,18578195,-1,244,62.64999944716692,20.43000018596649,35,12
6286,18594595,-1,166,66.53000010550022,28.82999987900257,29,9
6286,19075406,-1,174,72.9200000539422,17.679999947547913,32,11
6286,19973577,-1,266,62.55999922379851,20.57999999821186,30,11
6286,20004062,-1,226,23.27000032365322,10.5,37,8
6286,20368507,5,753,28.080000177025795,18.68000017106533,54,23
6286,24203269,-1,206,27.410000428557396,13.870000012218952,43,19
6286,27774114,5,575,53.5000010933727,23.40000021457672,59,18
6286,33418153,-1,171,22.490000834688544,13.950000524520874,38,11
6286,34316411,-1,394,6.659999918192625,15.799999713897705,50,16
6286,54147118,-1,188,19.829999709501863,13.759999634698033,30,8
6286,59984060,-1,272,66.57000014185905,17.070000186562538,33,9
6286,60963178,4,392,39.98999983817339,30.829999811947346,50,24
6286,71124465,-1,183,23.43000040948391,22.150000229477882,32,9
6286,73833036,4,470,59.4400002527982,19.299999656155705,50,21
6286,74875936,3,719,52.05999966338277,32.01999982818961,46,17
6286,75643230,-1,187,11.139999715611339,14.359999895095825,31,9
6286,75962305,-1,445,14.120000675320625,14.310000207275152,56,23
6286,75988917,2,1181,51.35000056959689,22.19000007584691,61,33
6286,76697202,-1,444,18.59999917820096,13.669999830424786,51,18
6286,78395378,-1,256,7.5300000831484795,7.480000112205744,39,16
6286,91900616,-1,173,19.04000060632825,13.98000018671155,33,12
6286,100987766,1,598,94.71999830007553,31.209999725222588,52,17
6286,104299407,-1,127,40.03999970108271,15.290000200271606,30,10
6286,105131734,-1,236,10.480000387877226,16.820000037550926,36,10
6286,106120231,3,1312,21.56000041216612,8.789999783039093,69,27
6286,114403322,-1,198,21.919999435544014,16.039999932050705,34,11
6286,115916255,5,686,25.409999379888177,21.519999489188194,50,23
6286,116541848,5,595,-7.4399995021522045,15.290000095963478,54,21
6286,120367293,-1,240,51.61000001244247,24.81999996304512,38,13
6286,127004614,2,608,42.299999855458736,37.96999993175268,54,21
6286,129956526,3,539,47.16000025719404,44.61999995261431,58,17
6286,134843273,4,468,70.52999924123287,21.31999959051609,51,17
6286,142345928,-1,130,57.63000002130866,28.9499993622303,31,8
6286,145047098,5,470,22.41000030003488,17.740000078454614,40,18
6286,146057056,-1,223,30.4600001424551,20.409999907016754,32,11
6286,150836897,4,768,38.51999998651445,24.50000016950071,46,20
6286,150973642,4,749,51.909999661147594,26.97000028192997,69,22
6286,160317681,-1,326,0.10000078938901424,15.350000351667404,42,15
6286,164709403,-1,344,20.209999760612845,11.159999698400497,38,12
6286,170432271,4,472,65.60000051930547,17.82000044733286,50,18
6286,170690669,-1,178,20.579999648034573,13.909999620169401,38,9
6286,170932231,-1,224,29.150000661611557,16.569999873638153,36,10
6577,8791795,3,674,23.270000483840704,11.47999994456768,40,20
6577,9904166,1,600,32.700001396238804,19.02000053972006,52,20
6577,15695547,-1,433,46.91000074893236,17.71000049635768,49,19
6577,22139484,-1,144,12.830000393092632,9.749999910593033,28,8
6577,24271599,-1,138,22.74999963492155,7.669999998062849,33,9
6577,27502936,-1,165,42.02000078372657,15.110000394284725,31,10
6577,30192442,-1,504,78.4700013846159,28.870000451803207,50,18
6577,30371740,-1,393,62.53000002168119,21.57999984920025,36,12
6577,30518141,-1,325,78.74999909847975,23.739999562501907,43,18
6577,31959919,-1,478,29.86999987065792,11.629999995231628,47,23
6577,41304888,-1,384,75.04000013321638,31.709999591112137,37,15
6577,45553457,-1,111,60.54000011831522,16.22999995946884,28,8
6577,50275106,2,376,34.28000049106777,15.390000216662884,46,19
6577,51755406,-1,354,37.0200009457767,27.64000029116869,37,14
6577,58034363,-1,456,44.249999925494194,25.269999884068966,44,16
6577,58905366,-1,208,27.00999996997416,8.040000069886446,33,9
6577,70609567,-1,185,52.390000680461526,29.180000096559525,33,10
6577,80681654,-1,359,29.889999359846115,19.160000063478947,47,14
6577,90020494,-1,183,57.08999977260828,24.149999916553497,33,10
6577,94419439,-1,382,36.749999890103936,21.230000043287873,35,12
6577,103827056,-1,397,26.909999625757337,14.949999937787652,39,11
6577,109361112,-1,117,43.9000001847744,15.449999988079071,30,7
6577,119308457,-1,259,41.98999951034784,16.059999525547028,32,8
6577,127832557,3,423,-6.0000001303851604,9.120000053197145,49,24
6577,136077070,-1,249,56.879999907687306,25.919999599456787,36,11
6577,141188837,-1,204,45.96999995596707,20.929999850690365,35,11
6577,141366227,-1,333,35.259999975562096,20.850000619888306,46,16
6577,146090189,5,730,18.599999465048313,25.83999952301383,54,19
6577,153855220,1,677,30.63000068999827,15.540000513195992,58,27
6577,155007952,5,1528,-17.02999996766448,17.35999995470047,72,33
6577,157469647,-1,293,21.51000033505261,15.339999675750732,32,10
6577,164094929,-1,654,11.900001302361488,6.350000113248825,65,31
6577,168348658,-1,433,34.63000020943582,23.319999936968088,53,20
6577,169600450,-1,301,52.01999943703413,34.139999866485596,33,11
6577,172882985,-1,351,58.06000158376992,33.98000045120716,44,13
6577,175272904,-1,183,49.650000320747495,26.72999995201826,37,12
6577,178556837,4,1189,112.76000234857202,63.11000124365091,51,29
6577,180082508,5,459,33.29999974370003,12.990000128746033,48,18
6577,193883994,-1,234,56.47999966144562,24.179999947547913,40,12
6577,200076306,4,855,102.68000004813075,55.58999978005886,55,27
6577,201464293,-1,120,59.01999977231026,20.480000019073486,30,8
6577,204311373,-1,253,53.07999914698303,24.22999981045723,36,11
6577,217912325,-1,561,-14.110000971704721,11.590000078082085,48,20
6577,221785728,-1,191,36.19000032171607,15.819999739527702,29,10
6577,224034152,-1,331,37.15999979712069,17.429999709129333,42,14
6577,224981036,-1,406,11.27000006660819,12.22999968379736,39,12
6577,227341618,-1,247,84.01000002771616,22.709999963641167,40,16
6577,228116759,-1,325,53.99000081419945,16.159999907016754,35,11
6577,232854306,2,452,48.539999194443226,17.009999841451645,38,15
6577,233502803,-1,180,24.78000006824732,14.590000174939632,32,11
6577,235689804,5,579,49.43999979458749,26.560000509023666,48,19
6577,241856850,-1,497,5.569998845458031,16.51999980211258,57,22
6577,267721695,3,1317,-4.6899986974895,44.030000537633896,92,38
6577,269107191,-1,476,-19.180000135675073,14.090000033378601,57,21
6577,276054131,3,709,71.28999915532768,24.079999461770058,57,26
6577,277257589,-1,386,-2.0199994184076786,17.240000292658806,47,17
6577,281174935,-1,550,61.39999878779054,17.14999930560589,61,21
6577,282209515,1,1492,31.9199991915375,18.369998881593347,82,36
6577,283964367,-1,217,49.49000007659197,18.810000002384186,32,9
6593,2892085,-1,238,71.24000000953674,18.700000390410423,32,10
6593,21478748,2,644,68.63000090420246,19.61000034213066,51,25
6593,24745839,-1,557,-20.17999889701605,8.840000063180923,55,16
6593,26057631,1,462,34.79999941959977,16.74999995343387,43,16
6593,28103552,4,670,24.430000009015203,9.339999670162797,58,28
6593,40865708,-1,266,26.39000041782856,14.320000365376472,37,11
6593,45058207,-1,383,69.55000050365925,19.040000557899475,49,18
6593,46445746,-1,438,75.97000066004694,23.55000039935112,48,14
6593,46924855,2,1078,-20.01999947614968,10.41000010818243,61,37
6593,56958337,-1,343,39.53000133857131,15.070000410079956,40,15
6593,58388733,-1,431,15.670000314712524,13.739999800920486,47,19
6593,61273489,1,4424,55.1699993647635,62.16999847814441,126,52
6593,67166790,-1,508,47.46999973990023,22.52000013180077,51,15
6593,69052228,-1,327,24.669999927282333,12.929999724030495,37,10
6593,76499719,-1,212,65.00000036135316,25.250000283122063,37,12
6593,76750731,-1,328,62.63999998755753,26.74000009894371,38,14
6593,77668722,-1,171,-0.039999864995479584,9.280000161379576,37,14
6593,77910907,-1,355,16.93999969214201,13.839999750256538,51,18
6593,87555164,-1,271,77.61999917030334,19.44999973475933,38,12
6593,97323252,4,1079,28.780000349506736,12.439999721944332,71,26
6593,104040800,5,295,27.26999987103045,28.140000388026237,42,14
6593,104532312,-1,284,20.740000672638416,8.220000207424164,40,12
6593,104771956,-1,374,46.530000030994415,17.789999827742577,47,14
6593,106740293,3,361,52.670000579208136,21.000000305473804,43,18
6593,108991887,1,497,39.96999971754849,18.250000044703484,44,18
6593,115216840,1,2192,22.37999943457544,27.740000016987324,86,41
6593,121927730,5,703,-14.749999191612005,5.9400001764297485,55,22
6593,128653719,4,561,20.380000215023756,22.430000096559525,56,31
6593,132553758,-1,323,74.75000005587935,20.5,43,12
6593,133577022,-1,229,48.80999982357025,17.300000187009573,35,9
6593,136638216,-1,386,46.80999975837767,20.649999618530273,46,15
6593,144100419,1,826,40.89000014960766,21.830000299960375,58,21
6593,149871323,-1,236,77.93000076897442,23.99000008404255,38,11
6593,153284976,2,524,60.13999926112592,26.10999995470047,50,18
6593,162255346,-1,548,59.70000008121133,19.110000051558018,50,20
6593,162436764,-1,396,48.81000079587102,29.520000226795673,47,17
6593,166321170,5,850,20.74000084772706,16.740000069141388,61,35
6593,168319634,-1,201,47.350000113248825,25.40000008046627,43,12
6593,171595337,1,652,83.71999937668443,60.90999950841069,48,24
6593,174035004,5,350,63.72999942302704,20.460000067949295,38,11
6593,174253376,-1,161,40.95999986305833,14.740000281482935,31,8
6593,181910934,3,577,35.80999980121851,14.320000315085053,46,21
6593,182819849,-1,184,35.80999989062548,15.919999964535236,32,10
6593,186133132,-1,166,43.05000092834234,15.249999940395355,33,11
6593,188933902,-1,315,29.21000027656555,18.720000326633453,34,13
6593,192601616,-1,245,58.27000007033348,27.82000009715557,32,11
6593,192877965,-1,391,32.99000012688339,14.160000253468752,47,14
6593,194194372,-1,130,26.820000655949116,9.850000031292439,27,8
6593,203185897,1,409,66.76999977603555,36.710000187158585,49,17
6593,206253794,4,490,65.30999936163425,24.349999964237213,40,18
6593,208103905,-1,307,67.89000029489398,24.359999895095825,38,14
6593,210763125,-1,741,42.509999826550484,20.309999741613865,54,24
6593,215174675,1,688,-14.350000055506825,11.090000182390213,53,26
6593,216882154,-1,785,33.5499983150512,20.439999148249626,60,22
6593,221897976,3,481,49.8099994212389,24.369999796152115,48,16
6593,228449308,-1,163,27.40000014938414,16.790000021457672,35,8
6593,237223968,-1,198,48.36000061780214,26.70000034570694,34,11
6593,239633316,-1,189,7.830000611022115,9.530000060796738,30,9
6593,247753726,-1,385,54.479998514056206,39.009999349713326,50,14
6593,261194135,-1,153,80.66000029072165,27.20000010728836,37,9
6593,263799458,1,1029,14.390000745654106,18.220000341534615,58,26
6593,263937343,-1,153,29.899999726563692,10.759999874979258,29,10
6593,266208685,1,613,0.4200006555765867,6.230000168085098,58,21
6593,276951672,-1,208,65.8899997714907,19.699999809265137,33,10
6593,284995745,1,872,2.499999888241291,16.860000163316727,69,18
6593,292857281,-1,214,27.929999373853207,14.139999836683273,29,10
6640,4611374,1,568,47.98999944701791,22.879999976605177,54,21
6640,9771342,-1,757,54.629998832941055,32.909999549388885,49,20
6640,19607659,-1,255,26.050000455230474,11.560000192373991,37,9
6640,26919226,3,465,37.72999984771013,9.980000052601099,49,27
6640,34929307,-1,603,30.740000184625387,22.80000039935112,47,16
6640,35547145,3,773,12.770000694319606,29.7099998742342,73,26
6640,49321027,-1,418,32.32999988645315,11.429999858140945,41,16
6640,52432412,-1,306,2.300000127404928,17.029999881982803,40,14
6640,52476304,-1,432,68.35000082291663,40.400000512599945,44,16
6640,61785031,-1,270,73.33999946340919,42.680000111460686,37,11
6640,66591491,-1,284,35.48000044003129,12.260000016540289,39,15
6640,70556208,-1,175,14.97000023163855,10.340000033378601,34,8
6640,71633702,5,611,40.630001021549106,15.820000678300858,51,15
6640,72663359,-1,315,45.13000163063407,22.640000224113464,40,11
6640,74222812,-1,348,57.749998992308974,18.15999986976385,34,10
6640,81631129,1,381,6.210000218823552,9.570000022649765,42,19
6640,83398317,-1,370,44.92000034451485,15.13000001013279,31,12
6640,95955082,3,525,18.70000016503036,24.710000474005938,56,24
6640,98883980,-1,273,36.57000080123544,23.01000065729022,38,14
6640,100787703,1,824,141.3899996113032,70.62000009417534,63,36
6640,103817761,-1,297,42.95999952591956,19.820000298321247,49,20
6640,104948623,-1,405,7.61999973654747,14.280000135302544,48,15
6640,109680713,5,642,31.37000036984682,7.930000066757202,45,15
6640,113056913,-1,258,26.780000180006027,28.479999968782067,37,11
6640,141838864,-1,260,30.200000755488873,18.35000005364418,33,11
6640,145105137,-1,398,59.509999016299844,17.510000057518482,42,14
6640,149609396,-1,387,43.82999957166612,22.49000023305416,42,11
6640,152919556,-1,263,32.209999507293105,22.630000015720725,33,10
6640,156804137,-1,170,43.61999998986721,14.739999756217003,32,8
6640,161285394,4,473,55.430000357329845,20.760000489652157,49,21
6640,171134611,-1,317,91.01000077463686,36.29000037908554,44,15
6640,172495486,-1,423,32.09999959729612,25.00999967753887,49,17
6640,178110245,4,724,71.21999884396791,41.4499997459352,52,24
6640,183939945,1,581,33.200000423938036,13.390000402927399,43,21
6640,185822946,2,853,51.299999579787254,19.160000026226044,63,34
6640,187548063,4,494,46.10999949276447,24.449999660253525,46,13
6640,194534261,-1,300,37.259998831897974,15.519999839365482,44,16
6640,199908550,1,897,87.16999958269298,43.489999970421195,68,34
6640,210901387,4,491,21.629998927935958,8.539999425411224,51,16
6640,214424986,-1,366,52.77999897301197,23.729999750852585,35,12
6640,216919237,-1,200,52.90999897569418,17.94000008702278,36,10
6640,217493056,4,995,58.72000001184642,36.75000014156103,56,30
6640,218230800,4,541,35.51999985612929,14.099999893456697,53,22
6640,218558222,-1,285,47.220000341534615,13.850000232458115,37,10
6640,222311617,-1,148,44.99000038765371,12.8900001142174,31,7
6640,228267411,-1,355,37.559999980032444,23.200000524520874,39,11
6640,229836796,-1,217,34.43000107258558,14.960000157356262,37,14
6640,235736563,1,379,17.8200004696846,14.90000032261014,41,18
6640,237845981,-1,248,7.879999123513699,16.639999754726887,41,14
6640,238270356,2,320,49.74999862536788,16.059999719262123,46,20
6640,247534565,-1,180,40.850000347942114,15.340000241994858,32,8
6640,248130095,-1,227,23.579999653622508,12.06000018119812,34,9
6640,249597177,-1,209,34.75999999046326,16.99000009894371,33,10
6640,256460296,1,950,52.129998590797186,17.15999972820282,79,48
6640,256727545,1,713,111.71999867074192,45.17999953776598,57,29
6640,263577818,-1,274,42.40999956801534,13.439999908208847,36,17
6640,263788541,-1,260,51.60999961569905,28.080000340938568,40,19
6640,263950327,4,733,43.959999457001686,32.45000010728836,60,27
6640,264925202,1,811,64.01999995484948,19.409999933093786,57,17
6640,269010447,-1,202,63.61000036634505,22.329999962821603,34,11
6640,271114761,-1,429,-4.66999975591898,8.129999924451113,38,16
6640,279101354,-1,280,10.969999505206943,12.399999916553497,32,8
6640,281264385,-1,249,83.85000007599592,27.209999971091747,32,11
6640,288122455,2,654,11.05999955907464,7.159999698400497,53,27
6640,293050322,-1,572,34.80999964848161,11.38999979197979,51,22
6640,297930160,-1,218,49.290000189095736,24.989999875426292,38,11
6640,303146709,2,703,38.22000124678016,16.760000452399254,66,22
6640,308996784,-1,777,42.560000732541084,22.219999819993973,55,28
6640,309614890,-1,285,83.95999906025827,31.740000089630485,42,13
6640,327619890,2,693,99.91000004857779,35.57000011205673,64,22
6640,331878688,2,571,-3.650000337511301,9.889999866485596,50,17
6640,332039047,3,776,53.83999934606254,27.309999644756317,63,22
6640,332928073,4,1460,80.8799998126924,45.049999464303255,62,32
6640,335315021,-1,284,51.78000087291002,19.68000002205372,42,15
6640,338121234,-1,214,34.35000063478947,15.280000112950802,28,7
6640,348627887,-1,891,88.67000002227724,40.390000162646174,67,30
6640,351491741,-1,422,18.93000054359436,11.880000114440918,46,14
6640,351967956,-1,515,36.51000105962157,24.96000052616,52,15
6640,359011930,-1,163,-0.280000451952219,5.329999793320894,30,8
6640,363400031,-1,297,48.20000000298023,21.14999982714653,34,9
6663,6032227,-1,296,41.19999948143959,12.4100002348423,34,12
6663,7029448,-1,344,57.779998514801264,19.19999946653843,41,18
6663,12027270,-1,473,99.44000022858381,31.190000295639038,38,10
6663,16657923,-1,440,32.69000149331987,17.85000071488321,48,20
6663,21084195,2,943,-3.599999949336052,17.889999896287918,63,24
6663,23081148,-1,383,49.869999669492245,17.57999937236309,39,16
6663,29188092,-1,117,-0.5899998396635056,6.6099999994039536,29,7
6663,34100805,-1,283,23.19999929703772,15.139999816194177,45,16
6663,38643259,-1,480,79.9799988400191,27.74999970756471,69,20
6663,40530156,-1,473,54.40000032633543,17.87999990582466,54,23
6663,54924576,1,525,37.61000174283981,12.350000500679016,52,16
6663,55758421,5,799,71.43000165186822,49.050000600516796,62,26
6663,56980139,-1,215,40.70000013709068,28.23999986052513,36,11
6663,62996853,5,846,37.500000244006515,22.649999603629112,73,37
6663,64195812,-1,143,17.749999394640326,8.49000009894371,31,9
6663,64683659,-1,284,32.510000543668866,15.23000032454729,33,9
6663,65091790,-1,335,68.94000048190355,42.26000005751848,50,15
6663,76371917,4,337,26.67000005207956,11.149999970570207,35,14
6663,78214307,3,1258,92.75999930500984,43.560000240802765,78,33
6663,83393145,1,593,20.479998994618654,16.049999833106995,51,17
6663,101146792,-1,437,-19.399999110028148,4.110000075772405,54,20
6663,107216868,3,357,22.629999224096537,8.22999992966652,38,12
6663,108675029,-1,370,-3.5000003073364496,18.85000018030405,55,15
6663,115168310,4,784,29.19999917037785,24.269999772310257,53,27
6663,115671435,1,583,18.930000007152557,7.72000053524971,52,23
6663,127734145,-1,408,64.88000030256808,34.92000040784478,50,18
6663,130603272,3,680,52.76000111177564,17.589999988675117,54,19
6663,131522987,-1,268,29.94999977760017,13.449999958276749,39,17
6663,136345931,-1,389,42.719999730587006,19.529999911785126,46,13
6663,137876111,-1,465,43.19000077433884,18.230000659823418,36,14
6663,145148917,1,977,69.04999990947545,27.290000021457672,57,25
6663,152759520,-1,196,0.4300014600157738,2.930000126361847,36,12
6663,155951413,5,485,59.049999702721834,27.529999919235706,61,22
6663,161114394,-1,126,25.06000015884638,12.410000205039978,33,8
6663,161443282,-1,306,16.77000042051077,9.159999929368496,38,12
6663,165329036,-1,467,51.019999746233225,33.099999986588955,57,16
6663,169608593,-1,399,52.79000071436167,27.69000005722046,44,15
6663,171173808,-1,259,8.59000001102686,10.969999991357327,41,12
6663,172674754,-1,181,33.360000513494015,10.240000143647194,38,15
6663,172737111,-1,143,23.969999559223652,9.339999571442604,32,7
6663,176093204,-1,198,33.299999203532934,13.379999976605177,39,8
6663,176556531,-1,246,36.469999589025974,16.389999628067017,39,11
6663,184509065,-1,198,59.900000017136335,18.519999891519547,34,10
6663,193049093,-1,226,19.369999637827277,8.980000019073486,44,13
6663,195061777,-1,627,-9.83000018633902,8.700000056996942,50,24
6663,201166586,1,792,37.78999982587993,18.619999919086695,74,34
6663,206633992,-1,530,38.03000010922551,13.670000616461039,51,19
6663,207582162,5,705,94.04000103473663,43.740000404417515,50,21
6663,211299525,-1,348,56.51000005379319,19.140000130981207,47,14
6663,212652763,-1,290,4.650000307708979,10.740000009536743,36,11
6663,226565859,-1,233,71.89999975450337,22.519999912008643,39,13
6663,228735298,-1,253,28.350000144913793,18.670000076293945,31,9
6663,229117881,-1,480,14.650000061839819,13.620000053197145,48,17
6663,233159151,5,853,110.42999946884811,70.45999912172556,52,21
6663,233402118,-1,517,59.30999994650483,23.81000018119812,53,19
6663,252198269,-1,395,77.81999984197319,30.68000005930662,40,11
6663,255421050,-1,208,47.91999996826053,31.44000005722046,38,9
6663,256293528,-1,301,25.139999985694885,14.260000109672546,35,14
6663,263456498,4,499,54.75000097230077,31.440000414848328,47,14
6663,267708107,1,727,42.10000037960708,17.46999979019165,53,22
6663,271845389,-1,215,35.890000727027655,14.959999859333038,34,11
