6663,461,True,1,34,-10.350000396370888
6663,654,True,1,325,24.790000714361668
6663,1642,True,2,151,29.860000044107437
6663,2790,True,1,217,33.46999904885888
6663,5698,True,1,25904,165.09999805130064
6663,6020,True,1,105,6.419999906793237
6663,6253,True,1,413,43.91000084578991
6663,6573,True,1,25,12.71999967098236
6663,7087,True,2,834,42.57999936491251
6663,10161,True,1,49,25.44999983161688
6663,10770,True,0,23,-2.1599999219179153
6663,12283,True,1,172,35.95000095106661
6663,12681,False,1,250,12.480000849813223
6663,13303,True,1,180,46.92999957874417
6663,13451,True,1,198,47.82999990880489
6663,13699,True,1,96,9.480000495910645
6663,14464,True,1,39,33.13999994471669
6663,15331,True,1,128,8.009999811649323
6663,15407,False,0,35,11.659999966621399
6663,19570,True,1,31,8.890000011771917
6663,19899,True,1,99,21.330000087618828
6663,21243,True,1,119,11.460000045597553
6663,23809,True,1,44,38.07999947667122
6663,24597,True,1,19,17.700000137090683
6663,25453,True,1,187,27.96999985538423
6663,26531,False,1,145,-20.250000063329935
6663,29603,True,0,97,21.690000042319298
6663,29763,True,1,29,8.429999645799398
6663,31152,True,2,73,26.949999811127782
6663,31241,True,1,82,22.260000322014093
6663,31973,True,1,42,12.699999839067459
6663,32033,True,1,28,22.119999825954437
6663,32405,True,1,48,16.439999997615814
6663,37499,False,1,60,12.569999933242798
6663,38050,True,1,706,-14.859999358654022
6663,38676,True,1,44,2.110000431537628
6663,43223,True,1,40,2.599999949336052
6663,44627,True,1,143,5.70000047981739
6663,45050,True,1,131,16.780000142753124
6663,45327,True,1,66,25.720000365749
6663,45907,True,1,173,-0.44999941997230053
6663,47823,True,1,58,33.110000129789114
6663,48942,True,1,57,19.32000023126602
6663,49974,True,1,33,9.67000025510788
6663,50590,True,0,38,5.390000179409981
6663,51315,True,1,46,17.379999741911888
6663,51436,True,1,100,38.670000076293945
6663,52278,True,1,36,25.72999992966652
6663,53011,True,1,51,11.339999757707119
6663,53967,True,1,50,7.159999813884497
6663,55158,True,1,1151,61.460000932216644
6663,57581,True,1,146,23.479999721050262
6663,57735,True,1,56,5.26999999769032
6663,59194,True,2,957,21.420000726357102
6663,59691,True,3,4325,80.94000329822302
6663,61002,True,1,75,26.37000024318695
6663,61416,True,1,215,1.9800007194280624
6663,61625,True,1,63,48.91000048816204
6663,67266,True,1,80,28.640000253915787
6663,68264,True,1,113,27.749999847263098
6663,68982,True,1,355,24.52000030875206
6663,70146,True,1,49,-11.359999341890216
6663,72502,True,1,651,36.7899997420609
6663,73587,True,1,38,31.180000111460686
6663,73800,True,1,51,10.209999799728394
6663,74484,True,1,190,40.540000200271606
6663,74936,True,1,51,20.420000076293945
6663,76002,True,1,61,18.98999965377152
6663,77687,True,1,399,11.469999738037586
6663,80901,True,1,54,18.28999999910593
6663,82424,True,1,3484,14.420000448822975
6663,85305,True,1,51,19.62999978661537
6663,85643,True,1,36,-1.2599996626377106
6663,85932,True,1,302,7.8500004187226295
6663,86396,True,1,84,16.419999599456787
6663,86581,True,1,99,24.250000059604645
6663,88103,True,1,89,2.2500000074505806
6663,90336,True,1,72,5.800000175833702
6663,93107,True,3,8199,46.12000047415495
6663,94840,True,1,432,19.440000496804714
6663,96024,True,1,29,5.010000580921769
6663,98035,True,1,51,16.75999988988042
6663,98210,True,1,114,14.460000175982714
6663,103853,True,1,277,35.31000052019954
6663,104071,True,1,39,15.009999722242355
6663,107095,True,1,28,21.309999767690897
6663,107682,True,1,77,28.539999462664127
6663,110944,True,1,55,6.5699998661875725
6663,111015,True,1,40,7.269999563694
6663,111578,True,1,44,19.679999897256494
6663,114085,True,1,40,7.1500000059604645
6663,115072,True,1,38,-3.4900000393390656
6663,115745,True,2,112,3.609999544918537
6663,116673,True,1,163,28.550000308081508
6663,117746,True,1,49,21.64000016450882
6663,119145,True,1,66,4.560000538825989
6663,119174,True,1,95,14.790000215172768
6663,120297,True,1,44,22.56000006571412
6663,120702,True,1,57,23.169999547302723
6663,121276,True,2,487,8.619999585673213
6663,121731,True,0,27,7.840000659227371
6663,121935,True,1,59,-5.469999957829714
6663,122206,True,1,33,-5.530000016093254
6663,122988,True,1,44,3.9900006130337715
6663,123947,True,1,43,10.030000150203705
6663,124925,True,1,49,21.859999522566795
6663,125168,True,1,297,9.990000011399388
6663,130311,True,1,30,15.659999877214432
6663,133885,True,1,37,13.279999550431967
6663,133958,True,1,219,26.80999994277954
6663,136249,True,1,31,28.12000030092895
6663,136964,True,1,69,14.439999669790268
6663,137025,True,1,168,-0.16999975219368935
6663,138919,True,1,73,9.369999881833792
6663,140370,True,1,44,4.330000422894955
6663,142233,True,1,59,54.420000202953815
6663,142489,True,1,78,8.700000485405326
6663,143202,True,1,27,12.149999797344208
6663,143824,True,1,58,14.489999826997519
6663,144567,True,1,2662,45.58999932743609
6663,145751,True,1,24,15.629999905824661
6663,146348,True,1,56,34.780000034719706
6663,147186,True,1,221,0.3400002382695675
6663,148263,True,1,67,15.329999938607216
6663,152825,True,2,173,35.22000026702881
6663,153700,True,1,74,-6.000000536441803
6663,154377,True,1,74,9.909999947994947
6663,156492,True,0,41,21.789999961853027
6663,156570,True,1,63,4.520000033080578
6663,156928,True,1,32,24.329999893903732
6663,158761,True,0,88,19.800000086426735
6663,158770,True,1,39,23.640000075101852
6663,159943,True,1,68,32.01999942958355
6663,160686,True,1,48,15.000000290572643
6663,163237,True,1,71,4.4399997889995575
6663,163384,True,1,37,4.150000184774399
6663,163768,True,1,79,22.640000082552433
6663,164562,True,0,38,-13.73000025935471
6663,165937,True,1,1003,-16.539999578148127
6663,166023,True,1,86,5.129999682307243
6663,167007,True,0,219,16.630000051110983
6663,167014,True,1,42,11.870000332593918
6663,169819,True,1,81,26.329999960958958
6663,169848,True,1,131,15.989999499171972
6663,170040,True,1,52,10.339999563992023
6663,170820,True,1,54,-0.25999963097274303
6663,171075,True,1,73,-6.800000300630927
6663,174495,True,1,42,20.10000018775463
6663,175187,True,1,326,0.8200006633996964
6663,175682,True,1,81,25.650000028312206
6663,176620,True,3,25483,17.08999978750944
6663,184150,True,1,39,5.490000305697322
6663,184260,True,1,51,21.4099999666214
6663,184317,True,2,357,43.58000086247921
6663,185407,True,1,251,5.900000363588333
6663,185945,True,1,44,-10.760000064969063
6663,188763,True,1,37,27.290000081062317
6663,189479,True,0,149,26.68000052496791
6663,190437,True,1,85,12.649999599903822
6663,190658,True,1,49,11.080000028014183
6663,191625,True,1,41,28.910000026226044
6663,192383,True,1,50,19.36000008881092
6663,193731,True,2,210,-8.10999970883131
6663,194780,True,1,864,35.06000006943941
6663,194962,True,1,44,4.0899997651577
6663,195068,True,1,32,10.980000421404839
6663,196689,True,1,42,1.8900000154972076
6663,197333,True,1,48,5.670000568032265
6663,197902,True,1,100,26.310000240802765
6663,202569,True,1,84,16.339999735355377
6663,204614,True,1,38,5.130000039935112
6663,204889,True,1,380,-14.330000892281532
6663,205191,True,1,65,4.460000466555357
6663,207668,True,1,163,-6.339999433606863
6663,208081,True,1,63,10.390000253915787
6663,209930,True,1,50,9.980000168085098
6663,210391,True,1,48,12.440000273287296
6663,211516,True,1,39,26.520000664517283
6663,211778,True,1,91,4.789999827742577
6663,212740,True,1,34,-4.310000121593475
6663,213463,True,1,68,9.310000203549862
6663,213528,False,1,46,14.310000026598573
6663,214814,True,1,48,21.729999750852585
6663,215114,True,1,36,6.8200000412762165
6663,217638,True,1,50,23.2200000397861
6663,219425,True,1,21,-7.530000030994415
6663,219644,True,1,366,77.08000036329031
6663,220569,True,1,107,14.050000727176666
6663,221455,True,1,808,-34.279999651014805
6663,221699,True,1,73,16.109999420121312
6663,223129,True,2,119,3.2100001238286495
6663,223951,True,1,66,46.460000425577164
6663,224815,True,0,25,20.139999873936176
6663,225013,False,0,27,5.440000236034393
6663,226163,True,1,138,2.7100001722574234
6663,226922,True,1,85,4.2999998815357685
6663,227134,True,1,325,-5.670000035315752
6663,227782,True,1,191,23.629999389871955
6663,228709,True,1,48,45.329999536275864
6663,230407,True,1,813,5.86999998614192
6663,230661,True,1,83,-0.7999999225139618
6663,231154,True,1,183,-1.6899998355656862
6663,231492,True,1,57,10.840000480413437
6663,233702,True,1,135,23.420000325888395
6663,234456,True,1,69,28.240000382065773
6663,235832,True,1,76,30.16000037640333
6663,239117,True,1,41,-1.9899999611079693
6663,240885,True,1,263,22.380000427365303
6663,240895,True,1,42,25.559999763965607
6663,243432,True,1,60,37.099999733269215
6663,243974,True,1,69,17.92999978363514
6663,244659,True,1,60,16.160000221803784
6663,245662,True,1,85,5.630000054836273
6663,246428,True,1,58,23.92000037431717
6663,247713,True,0,453,20.09000078961253
6663,248538,True,0,42,14.78999998420477
6663,250227,True,1,52,17.739999582991004
6663,253336,True,1,265,10.8400001488626
6663,253551,True,1,286,27.17999990284443
6663,255357,True,1,59,18.94000020623207
6663,255810,True,1,72,22.729999884963036
6663,256029,True,1,27,6.169999985024333
6663,256809,True,1,38,2.6499999463558197
6663,257326,True,1,42,18.370000272989273
6663,260314,True,0,34,9.689999680966139
6663,262190,True,1,42,14.710000030696392
6663,263950,True,2,1056,52.48999955318868
6663,264986,True,1,59,22.169999957084656
6663,267497,True,1,47,21.88000026345253
6663,268235,True,1,76,13.400000184774399
6663,268262,True,1,355,17.829999262467027
6663,268603,True,2,870,-30.22000077366829
6663,269357,True,1,73,11.790000014007092
6663,274614,True,1,28,14.060000240802765
6663,274950,True,1,91,12.200000397861004
6663,276163,True,1,78,21.450000166893005
6663,276188,True,1,246,41.0000000372529
6663,276270,True,1,92,15.759999692440033
6663,276544,True,1,36,12.550000227987766
6663,276650,True,1,245,-3.9099997729063034
6663,277419,True,0,25,8.379999488592148
6663,281259,True,3,1000,-14.850000105798244
6663,283475,True,1,42,10.370000159367919
6663,284090,True,1,53,-8.879999672994018
6663,284551,True,1,70,6.449999988079071
6663,285665,True,0,42,-4.000000059604645
6663,287775,True,1,31,14.209999971091747
6663,287856,True,1,54,31.659999266266823
6663,288090,True,1,31,11.770000696182251
6663,289389,True,1,94,-11.180000379681587
6663,290065,True,1,52,7.120000142604113
6663,294422,True,0,209,70.01000091433525
6663,294593,True,1,32,13.270000100135803
6663,296582,True,2,388,-13.060000024735928
6663,297547,True,1,252,19.440000293776393
6663,298377,True,1,44,-0.7499997522681952
6663,300105,True,1,312,-12.580000042915344
6663,300261,True,1,35,16.869999745860696
6663,301064,True,1,79,-5.3399996012449265
6663,302973,True,1,102,20.99000057578087
6663,303291,True,1,83,2.450000211596489
6663,303560,True,0,18,18.45000034570694
6663,303661,True,1,105,20.48000010661781
6663,304553,True,1,69,2.470000207424164
6663,305909,True,1,33,7.790000006556511
6663,308286,True,1,70,24.950000077486038
6663,309282,False,1,63,10.220000356435776
6663,310015,True,1,27,4.999999865889549
6663,311790,True,1,36,15.239999949932098
6663,313469,True,1,373,41.390000365674496
6663,314163,True,0,37,-2.540000297129154
6663,314803,True,1,60,-0.3699996769428253
6663,316281,True,1,75,15.58000006340444
6663,318430,True,1,107,-9.010000310838223
6663,319168,True,1,386,9.410000240430236
6663,320322,True,1,68,20.689999893307686
6663,320808,True,1,47,-2.8300003558397293
6663,320990,True,2,60,12.7700000628829
6663,322455,True,1,99,-4.7499998696148396
6663,323079,True,1,45,10.659999594092369
6663,323550,True,1,323,24.070000007748604
6663,326083,True,1,1455,128.00999956578016
6663,327120,True,1,41,16.350000083446503
6663,327219,True,1,89,4.529999777674675
6663,328054,True,1,73,7.049999738112092
6663,328648,True,1,135,-1.360000342130661
6663,329095,True,1,373,32.67999981343746
6663,329364,True,1,36,11.460000116378069
6663,330018,True,2,233,37.14000018686056
6663,330802,True,1,51,-9.529999643564224
6663,334125,True,1,72,17.150000251829624
6663,337099,True,1,28,-2.9600000213831663
6663,338146,True,1,130,19.61000058054924
6663,338876,True,1,43,7.9100001733750105
6663,339205,False,1,45,22.8800001591444
6663,340978,True,1,43,10.479999735951424
6663,341159,True,1,94,23.619999945163727
6663,341723,True,0,33,7.569999944418669
6663,342363,True,1,147,62.33000003173947
6663,343982,True,0,25,24.400000274181366
6663,344741,False,1,124,17.02000030875206
6663,347554,True,1,62,17.819999396800995
6663,347677,True,0,147,-4.329999879002571
6663,354244,True,1,34,21.32000035047531
6663,355501,True,1,96,1.7900006119161844
6663,355715,True,0,21,11.630000233650208
6663,356490,True,2,1682,16.929999144747853
6663,356886,True,1,340,50.40999975055456
6663,358588,True,1,310,47.420000195503235
6663,360750,True,1,41,6.789999738335609
6663,361170,True,1,203,-10.550000313669443
6663,362097,True,1,143,-15.100000815466046
6663,366620,True,1,39,15.420000083744526
6663,367311,True,1,42,34.25999930873513
6663,371759,True,1,110,20.519999589771032
6663,372788,True,1,39,12.379999965429306
6663,373059,True,1,99,3.999999860301614
6663,373300,True,1,30,37.16000002250075
6663,374219,True,3,4486,11.569997981190681
6663,374984,True,0,34,20.959999531507492
6663,377781,True,1,194,7.830000702291727
6663,378184,True,3,1179,58.000000566244125
6663,379881,True,1,42,10.609999895095825
6663,380009,True,1,20968,211.5499974116683
6663,381213,True,1,39,0.05000042915344238
6663,381550,True,1,187,39.510000079870224
6663,383346,True,1,445,38.14000030606985
6663,383619,True,1,28,23.280000001192093
6663,384310,True,1,67,18.39999986998737
6663,384430,True,1,64,13.209999840706587
6663,385243,True,1,101,7.049999997019768
6663,385419,True,1,43,11.450000256299973
6663,387169,True,2,205,29.780001202598214
6663,387422,True,0,81,4.889999896287918
6663,388698,True,1,73,9.67000050842762
6663,389246,True,1,186,25.650000028312206
6663,389720,True,2,208,-5.809999819844961
6663,391089,True,3,3688,11.259999895468354
6663,392844,True,1,55,5.420000046491623
6663,393699,True,1,106,32.569999776780605
6663,396728,True,1,107,18.29999979585409
6663,398294,True,0,46,26.489999789744616
6663,398611,True,1,501,42.86000019684434
6663,399727,True,1,33,31.730000026524067
6663,399979,True,1,31,4.320000261068344
6663,400877,True,1,68,6.859999254345894
6663,401127,True,0,59,22.10999956727028
6663,403236,True,0,34,15.4600002001971
6663,403342,True,1,43,10.710000304505229
6663,403980,True,1,90,-19.329999608919024
6663,406986,True,1,78,5.980000168085098
6663,407644,True,1,42,8.409999798983335
6663,407839,True,1,28,21.819999925792217
6663,408111,True,1,152,25.419999852776527
6663,409013,False,1,65,-7.4500003680586815
6663,409642,True,1,49,23.87000006623566
6663,410345,True,1,31,6.129999756813049
6663,411065,True,1,250,24.99999998882413
6663,411070,True,1,164,39.38000005297363
6663,411166,True,3,1061,95.99000046774745
6663,411319,True,1,279,-11.479999540373683
6663,412695,True,1,92,2.6799996942281723
6663,415121,True,1,57,15.400000251829624
6663,415850,True,1,31,3.6400004774332047
6663,416518,True,1,146,18.570000300183892
6663,419158,True,1,81,2.2499998658895493
6663,423692,True,0,48,12.36999961733818
6663,424134,True,2,745,6.0899999383836985
6663,429243,True,1,41,9.27000005170703
6663,430078,True,1,172,15.860000174492598
6663,430109,True,1,74,-0.1700005829334259
6663,430282,True,1,61,13.820000156760216
6663,431348,True,1,31,10.020000085234642
6663,432212,True,1,76,16.18000039458275
6663,433440,True,1,62,15.230000361800194
6663,435082,True,1,116,13.490000240504742
6663,436119,True,3,5726,109.089998383075
6663,436495,True,1,184,21.349999960511923
6663,436863,True,1,117,-20.079999685287476
6663,436980,True,1,64,-0.6199992783367634
6663,437605,True,0,39,12.239999867975712
6663,438078,True,1,28,13.849999887868762
6663,439147,True,1,54,0.2300000935792923
6663,440061,True,1,35,12.870000034570694
6663,440732,True,2,1394,42.04999849759042
6663,442226,True,1,45,-0.6199998836964369
6663,443468,True,1,101,-4.850000187754631
6663,444239,True,1,137,15.039999693632126
6663,446481,True,0,60,33.55000042915344
6663,449543,True,1,109,17.059999749064445
6663,449806,True,1,120,28.389999896287918
6663,453119,True,1,243,37.37999972701073
6663,454928,True,1,139,4.750000357627869
6663,459727,True,0,27,21.680000502616167
6663,459751,True,1,210,11.210000313818455
6663,461201,True,1,50,30.069999635219574
6663,462156,True,1,1031,108.10000018402934
6663,463331,True,1,54,13.860000312328339
6663,463859,True,1,187,28.120000202208757
6663,464118,True,1,76,12.680000144988298
6663,464320,True,1,83,20.720000475645065
6663,464559,True,1,119,24.02999979443848
6663,465317,True,1,58,23.130000066012144
6663,467225,True,1,57,-6.979999490082264
6663,468332,True,1,53,5.110000044107437
6663,468339,True,1,25,27.280000314116478
6663,468436,True,2,845,58.250000700354576
6663,468975,True,1,42,26.27000012435019
6663,469378,True,1,162,11.369999470189214
6663,470588,True,0,331,17.369999885559082
6663,471292,True,1,55,18.44000008702278
6663,471346,True,1,296,15.709999427199364
6663,474370,True,1,51,17.290000166743994
6663,475863,True,0,58,16.130000114440918
6663,477046,True,1,55,20.290000043809414
6663,478607,False,1,27,4.709999822080135
6663,479028,True,2,300,9.739999953657389
6663,479749,True,1,123,-8.669999688863754
6663,485387,True,1,44,9.040000051259995
6663,486206,True,1,36,13.179999839514494
6663,486654,True,1,31,1.7700002305209637
6663,487814,True,1,247,44.349999422207475
6663,490459,True,1,49,10.769999623298645
6663,490957,True,1,69,11.169999569654465
6663,492487,True,1,2831,82.36999975703657
6663,494441,True,1,37,10.079999774694443
6663,495865,False,1,26,-4.6599998865276575
6663,496738,True,1,36,18.04000034928322
6663,499614,True,1,104,12.639999877661467
6663,500088,True,1,54,5.17999979481101
6663,501263,True,1,284,67.88999970816076
6663,501496,True,1,61,16.43000016361475
6663,503405,True,1,327,18.049999998882413
6663,504973,True,1,205,39.959999945014715
6663,506508,True,1,3744,68.86000053025782
6663,508509,True,1,174,32.29000021703541
6663,513551,True,1,201,-15.220000363886356
6663,515195,False,0,45,3.94999997317791
6663,516600,True,1,175,34.59000042825937
6663,517593,True,1,41,13.46999977529049
6663,517990,True,1,1270,49.3500001411885
6663,518132,True,1,54,21.489999905228615
6663,520134,True,1,51,10.85999970138073
6663,521593,True,1,63,2.769999608397484
6663,523003,True,1,54,13.890000402927399
6663,524672,True,1,33,6.910000592470169
6663,524983,True,2,188,-21.85000006854534
6663,526155,True,1,40,11.709999956190586
6663,527318,True,2,148,22.100000083446503
6663,530993,True,1,146,6.32000033929944
6663,532887,True,1,103,13.929999962449074
6663,538784,True,1,109,13.629999563097954
6663,539588,True,1,47,43.07000080496073
6663,540284,True,1,87,11.300000073388219
6663,540978,False,0,78,-1.239999908953905
6663,542733,False,1,91,11.170000227168202
6663,544091,True,1,3746,115.32000143639743
6663,544531,True,1,68,13.1699996329844
6663,547594,True,1,531,9.299999635666609
6663,547771,True,1,96,15.690000139176846
6663,551345,True,1,28,14.649999666959047
6663,552496,True,2,300,34.15999956429005
6663,552861,True,1,86,6.570000350475311
6663,553110,True,1,178,41.80000067874789
6663,553221,True,2,694,8.839999713003635
6663,555419,True,1,89,29.77999977208674
6663,555548,True,1,58,24.65000034123659
6663,560393,True,1,47,23.4700002130121
6663,560691,True,1,115,34.71999966353178
6663,560719,True,1,34,12.039999924600124
6663,560950,True,1,39,4.170000057667494
6663,563116,False,1,57,35.34999964386225
6663,564394,True,1,185,27.71999982558191
6663,565256,True,1,288,28.740000188350677
6663,565555,True,1,366,26.69000001810491
6663,565673,True,1,1708,152.46000036597252
6663,566398,True,0,76,0.19000019133090973
6663,566768,True,1,82,17.990000043064356
6663,567746,True,1,51,-6.899999998509884
6663,567807,True,1,41,7.440000101923943
6663,568240,True,1,39,14.480000406503677
6663,568816,True,1,43,8.41000029630959
6663,568821,True,1,177,24.14999983459711
6663,569177,True,1,175,16.709999850019813
6663,570007,True,1,160,43.88000013679266
6663,570151,True,1,51,0.9799996465444565
6663,570592,True,0,41,-3.4600002765655518
6663,570928,True,1,83,15.729999460279942
6663,572375,False,0,52,-7.399999991059303
6663,572510,True,1,129,7.949999885633588
6663,572911,True,1,198,26.43000027164817
6663,573283,True,1,56,17.43000005558133
6663,573300,True,1,51,7.910000115633011
6663,580131,True,1,350,12.660000095143914
6663,580965,True,1,103,12.169999964535236
6663,581059,True,1,52,10.159999907016754
6663,581067,True,1,195,28.610000386834145
6663,582213,True,1,45,17.239999800920486
6663,582230,True,1,227,36.649999503046274
6663,582302,True,1,56,8.059999896213412
6663,582310,True,1,44,8.009999481961131
6663,582568,True,1,37,16.629999520257115
6663,584899,True,1,61,19.329999584704638
6663,588447,True,1,36,18.369999457150698
6663,590596,True,1,47,5.940000357106328
6663,590961,True,1,144,5.160000050440431
6663,591109,True,0,18,5.490000128746033
6663,592784,True,1,58,7.610000057145953
6663,592984,True,1,286,5.7099998742341995
6663,595124,True,0,227,8.98000006750226
6663,597634,True,1,130,4.259999742731452
6663,598927,True,1,99,-16.539999902248383
6663,605027,True,1,405,53.930000588297844
6663,605382,True,1,350,17.719999846071005
6663,607285,True,1,505,11.199999805539846
6663,609032,True,1,28,7.679999679327011
6663,609412,True,1,37,-1.450000088661909
6663,609905,True,1,96,4.249999910593033
6663,610928,True,1,80,2.2700001895427704
6663,612664,True,1,74,3.2599996104836464
6663,615090,True,1,18,6.8199996668845415
6663,615113,True,1,46,10.549999997019768
6663,616324,True,1,39,13.960000082850456
6663,616716,True,1,125,42.8900004029274
6663,616783,True,1,198,12.970000045374036
6663,617383,True,1,29,1.87000023573637
6663,617565,True,0,35,8.01999980211258
6663,617671,True,2,81,0.8699999153614044
6663,618807,True,2,160,44.149999003857374
6663,619943,True,1,29,2.099999748170376
6663,620878,True,1,45,21.759999707341194
6663,623206,True,1,290,28.68999957665801
6663,625698,True,1,164,-5.119999326765537
6663,625708,True,1,109,26.190000362694263
6663,626593,True,1,242,-8.81999951787293
6663,627561,True,1,44,7.7700004279613495
6663,630637,True,1,35,17.289999797940254
6663,631500,True,1,36,13.889999985694885
6663,632335,True,0,37,30.910000041127205
6663,633688,True,1,19,20.50000013411045
6663,634155,True,1,45,25.180000096559525
6663,634581,True,1,205,2.8299996815621853
6663,635952,True,2,67,23.799999803304672
6663,637524,True,2,1117,11.38000039383769
6663,639743,True,1,79,31.29999940469861
6663,641093,True,1,114,58.02999933063984
6663,641498,True,1,37,21.370000451803207
6663,641673,True,2,1409,-12.980001104995608
6663,643813,True,1,79,26.629999861121178
6663,646274,True,1,39,16.47999942302704
6663,648110,True,1,62,39.76000019535422
6663,648636,True,1,96,28.210000736638904
6663,650166,True,1,53,12.030000165104866
6663,651029,True,1,36,30.429999470710754
6663,651574,True,1,125,2.990000367164612
6663,653106,True,1,22,12.940000053495169
6663,653208,True,1,91,6.999999642372131
6663,653454,True,1,105,5.379999708384275
6663,654543,True,1,415,43.58999986946583
6663,654544,True,1,58,9.719999939203262
6663,657258,True,2,1054,-9.410000141710043
6663,657920,True,1,31,-4.029999889433384
6663,658741,True,1,783,12.630001354962587
6663,659076,False,1,120,29.09000022895634
6663,662601,True,2,344,-5.469999957829714
6663,663775,True,2,199,23.719999654218554
6663,664158,True,1,33,7.369999885559082
6663,666016,True,1,319,5.1399999633431435
6663,666575,True,1,225,20.33000048995018
6663,666954,True,1,152,19.740000132471323
6663,670036,True,1,41,13.540000051259995
6663,672311,True,0,53,-0.21000006794929504
6663,672825,True,1,246,12.659999560564756
6663,672875,True,1,56,-0.20000000298023224
6663,673712,True,1,44,5.059999529272318
6663,674175,True,1,28,20.399999976158142
6663,674587,True,1,237,18.360000759363174
6663,674848,True,1,95,41.25000014156103
6663,676997,True,1,45,15.880000142380595
6663,677464,True,1,438,81.57999956607819
6663,677990,True,1,139,15.250000517815351
6663,679566,False,0,166,15.860000241547823
6663,679732,True,1,65,4.909999322146177
6663,683763,True,1,26,-3.109999880194664
6663,683833,True,1,57,19.539999961853027
6663,689145,True,1,716,-15.529999637976289
6663,690122,True,1,61,31.28999948501587
6663,691677,True,1,71,21.70000016130507
6663,692291,True,1,105,8.469999741762877
6663,693764,True,1,64,1.5000002682209015
6663,694049,True,1,76,23.990000158548355
6663,696392,True,1,118,2.969999335706234
6663,698268,True,1,124,8.450000405311584
6663,703600,True,1,54,25.349999574944377
6663,706986,True,1,44,5.310000225901604
6663,707199,True,1,76,27.48999996483326
6663,707350,True,1,234,36.45000019297004
6663,707472,True,1,36,10.640000015497208
6663,707886,True,1,133,19.959999535232782
6663,708123,True,1,51,28.66000012308359
6663,709531,True,1,230,14.580000134184957
6663,710803,True,1,130,2.770000599324703
6663,710952,True,1,694,18.279999747872353
6663,711056,True,1,34,17.379999600350857
6663,711933,True,2,8000,73.79000085033476
6663,712514,True,1,75,26.250000225380063
6663,712632,True,1,44,12.86999997496605
6663,715342,True,1,36,15.579999685287476
6663,716095,True,1,60,19.259999729692936
6663,716213,True,3,7491,223.6099999640137
6663,716340,True,1,70,3.8800000697374344
6663,717028,True,1,25,19.180000066757202
6663,717954,True,1,75,8.829999953508377
6663,721540,True,1,34,1.459999993443489
6663,722137,True,1,81,15.29000019095838
6663,722492,True,1,51,19.169999957084656
6663,723437,True,1,51,11.489999741315842
6663,723677,True,1,43,12.700000137090683
6663,726414,True,1,130,4.989999681711197
6663,726431,False,0,225,5.430000066757202
6663,730283,True,1,126,32.499999579042196
6663,730576,True,1,83,12.890000134706497
6663,732344,True,1,34,11.94999947398901
6663,735915,True,1,141,18.48000058531761
6663,736461,True,1,448,20.66999968327582
6663,736794,True,1,144,22.570000164210796
6663,739472,True,1,77,19.83000021800399
6663,742888,False,0,75,1.7699996307492256
6663,743635,True,1,77,42.62999966740608
6663,743834,True,1,34,7.149999849498272
6663,744190,True,1,86,-20.350000260397792
6663,745551,True,2,6161,40.430000975728035
6663,745616,True,1,151,56.08000022172928
6663,747749,True,1,160,21.85999983549118
6663,748249,True,1,74,7.639999981969595
6663,748736,True,2,236,40.929999992251396
6663,748811,True,1,39,3.6099997013807297
6663,749020,True,1,36,14.559999994933605
6663,750077,True,1,126,26.33999978378415
6663,750542,True,1,134,4.239999664947391
6663,752694,True,1,66,42.40000006183982
6663,753102,True,1,65,-9.770000040531158
6663,753541,True,2,1494,78.17000037804246
6663,756928,True,1,39,6.6400000005960464
6663,757529,True,2,189,50.01999920606613
6663,759184,False,1,84,-8.089999914169312
6663,760902,True,1,34,21.09000024944544
6663,762925,True,1,58,23.640000438317657
6663,765437,True,1,33,23.800000071525574
6663,765848,True,1,101,19.820000536739826
6663,767495,True,1,269,31.449999287724495
6663,769887,True,1,53,23.290000542998314
6663,770442,True,3,1128,38.60000125132501
6663,773074,True,1,303,44.00999956205487
6663,773512,True,1,30,28.849999725818634
6663,774014,True,1,86,56.38000038266182
6663,774264,True,1,30,26.059999708086252
6663,774873,True,1,163,25.940000221133232
6663,775255,True,3,3876,48.63000186160207
6663,775857,True,2,1221,3.140000306069851
6663,775904,True,1,33,-10.760000254958868
6663,777197,True,1,875,35.28999934345484
6663,777835,True,1,297,-6.540000330656767
6663,777838,True,1,90,18.719999939203262
6663,778063,True,1,189,-5.149999903514981
6663,778230,True,1,110,30.030000045895576
6663,778603,True,0,54,-4.680000267922878
6663,778607,True,1,24,20.600000075995922
6663,778636,False,0,31,5.150000035762787
6663,778772,True,1,67,9.229999601840973
6663,779266,True,1,154,26.85999969393015
6663,780223,True,1,211,8.170000314712524
6663,780431,True,1,22,17.849999498575926
6663,780468,True,1,238,27.52000017464161
6663,780482,True,0,31,-6.869999814778566
6663,780530,True,0,51,20.30999991297722
6663,780696,True,1,47,8.339999601244926
6663,780931,True,1,36,-0.7500003222376108
6663,781063,True,1,69,-9.570000261068344
6663,781486,True,2,79,17.24000008404255
6663,781581,True,2,241,-0.7400006353855133
6663,781687,True,1,42,5.630000323057175
6663,781748,True,1,145,26.780000310391188
6663,781784,True,1,154,-8.300000101327896
6663,782051,True,1,52,17.190000221133232
6663,782625,True,1,59,4.52999971807003
6663,782674,True,1,25,1.4599997997283936
6663,782769,True,1,184,12.600000441074371
6663,783579,False,1,112,3.589999806135893
6663,783780,True,2,6578,-32.8999984562397
6663,784217,True,2,447,17.69000018388033
6663,785897,True,1,86,13.809999946504831
6663,786788,True,1,94,21.160000011324883
6663,786794,True,1,406,28.19000011496246
6663,787068,True,1,71,13.86000019684434
6663,787225,True,1,94,10.63999929651618
6663,787396,True,1,140,32.63999963179231
6663,787713,True,1,1291,10.24000028334558
6663,787815,True,1,68,7.790000192821026
6663,787978,True,1,104,2.750000335276127
6663,788039,True,1,137,7.179999837651849
6663,788155,True,1,74,7.520000282675028
6663,788217,True,1,142,26.330000396817923
6663,788344,True,1,28,25.050000220537186
6663,788483,True,2,1477,35.67999958246946
6663,788699,True,1,75,11.150000102818012
6663,788760,True,1,77,20.89999984204769
6663,788827,True,1,251,2.550000384449959
6663,789163,True,1,31,8.460000544786453
6663,789187,True,1,36,7.9299997836351395
6663,789328,True,1,33,-2.4900000002235174
6663,789383,True,1,47,6.109999805688858
6663,789543,True,1,72,22.119999773800373
6663,789563,True,1,53,6.730000078678131
6663,789584,True,1,52,11.630000337958336
6663,789622,True,0,47,8.559999905526638
6663,789993,True,1,54,13.349999338388443
6663,790131,True,1,234,38.109999446198344
6663,790294,True,1,307,6.780000662431121
6663,790347,True,1,96,5.290000159293413
6663,790673,True,0,99,13.099999859929085
6663,790768,True,1,399,15.18000041693449
6663,790772,True,1,171,21.580000191926956
6663,790961,True,1,63,8.299999475479126
6663,791191,True,2,731,12.549999693408608
6663,791359,True,0,31,10.840000286698341
6663,791762,True,0,75,2.850000038743019
6663,791764,True,1,56,5.110000630840659
6663,791784,True,1,37,19.380000069737434
6663,791808,True,3,8541,159.1999988090247
6663,791867,True,1,28,5.149999672546983
6663,792009,True,0,76,42.96999962627888
6663,792063,True,1,215,34.48999946564436
6663,792419,True,1,38,16.360000148415565
6663,793106,True,1,37,20.11000019311905
6663,793139,True,1,98,40.98999983817339
6663,793267,True,1,132,7.959999918937683
6663,793347,True,1,98,3.670000098645687
6663,794154,True,1,119,5.199999913573265
6663,794167,True,0,116,13.910000383853912
6663,794580,True,1,44,4.92000013589859
6663,794681,True,1,38,23.689999878406525
6663,795411,True,1,47,5.4000005051493645
6663,795526,True,1,342,24.760000318288803
6663,796246,True,1,2159,107.3800004888326
6663,796290,True,1,59,10.390000177547336
6663,796357,True,0,41,-6.339999794960022
6663,796873,True,1,114,18.419999953359365
6663,797306,True,1,1259,33.53999972529709
6663,797413,True,1,65,55.33000048995018
6663,797613,True,1,65,21.439999788999557
6663,797743,True,0,35,1.950000360608101
6663,797901,True,1,40,11.810000441968441
6663,798027,True,1,43,0.8000002801418304
6663,798100,False,1,213,-5.42000056989491
6663,798236,True,1,228,37.68999996781349
6663,798303,True,1,21,17.85999993979931
6663,798603,True,1,97,1.099999986588955
6663,798611,True,3,200,26.909999936819077
6663,798854,True,1,120,-6.850000815466046
6663,799106,True,1,61,13.709999114274979
6663,799599,True,1,76,-2.9200000762939453
6663,799656,True,1,108,10.979999892413616
6663,799660,True,1,396,38.20000109449029
6663,799732,True,1,58,27.210000194609165
6663,799792,True,1,57,4.720000214874744
6663,799796,True,1,100,20.890000067651272
6663,799934,True,1,50,25.940000504255295
6663,800132,True,1,470,6.330000257119536
6663,800286,True,1,152,10.029999900609255
6663,800739,True,1,74,12.78000022098422
6663,801357,True,1,99,37.6599998883903
6663,801417,True,1,34,21.679999738931656
6663,801640,True,1,40,29.240000545978546
6663,801644,True,1,83,27.83000022917986
6663,802226,True,1,30,13.699999898672104
6663,802305,True,1,133,31.21000012755394
6663,802339,True,1,117,26.1599999666214
6663,802462,True,3,38861,1926.4799994416535
6663,802630,True,1,98,28.190000042319298
6663,803165,True,1,233,-18.57999987155199
6663,803492,True,0,46,13.53999999910593
6663,803691,True,1,169,22.75000035762787
6663,803838,True,1,54,15.6499994546175
6663,804253,True,0,36,24.119999885559082
6663,804279,True,1,32,24.489999363198876
6663,804428,True,1,30,4.540000140666962
6663,804473,True,1,131,43.160000175237656
6663,805076,True,1,263,28.530000299215317
6663,805198,True,0,16,12.369999796152115
6663,805640,True,1,27,10.729999892413616
6663,806038,True,0,49,17.430000752210617
6663,806308,True,0,43,17.350000277161598
6663,806470,True,1,40,-7.779999541118741
6663,806484,True,1,439,24.94999997317791
6663,807384,True,0,43,20.68999994173646
6663,807789,True,1,87,10.699999805539846
6663,808181,True,1,222,28.080000426620245
6663,808209,True,0,28,25.379999741911888
6663,808236,True,1,41,24.71999952197075
6663,808435,True,2,933,12.42999942600727
6663,808551,True,1,71,1.0499996915459633
6663,808977,True,1,91,28.780000306665897
6663,809043,True,1,99,18.36000020056963
6663,809619,True,1,117,-2.099999964237213
6663,809881,True,0,54,26.39999955892563
6663,810254,True,1,53,28.26000052690506
6663,810423,True,1,40,7.920000173151493
6663,810453,True,1,55,16.8499999307096
6663,810659,True,1,73,12.469999931752682
6663,810750,True,1,79,12.559999980032444
6663,810938,True,1,35,0.8300001621246338
6663,811276,True,1,27,20.9099999666214
6663,811419,True,1,285,-18.13000001013279
6663,811669,True,1,116,-2.9700003564357758
6663,811777,True,1,67,33.56000040844083
6663,812126,True,0,75,23.22000064700842
6663,812168,True,1,49,-2.3100000098347664
6663,812238,True,1,392,24.900000154972076
6663,812821,True,1,31,7.019999656826258
6663,812900,True,1,306,4.239999594166875
6663,813106,True,1,108,34.5400002785027
6663,813110,True,1,36,31.8299996946007
6663,813854,True,1,82,16.04999988153577
6663,813967,True,1,53,15.009999945759773
6663,813972,True,1,80,39.390000373125076
6663,813985,True,1,249,15.519999768584967
6663,814036,True,1,95,11.900000117719173
6663,814092,True,1,215,6.799999952316284
6663,814521,True,1,42,11.910000197589397
6663,814806,True,1,579,31.939999993890524
6663,814835,True,1,329,-26.169999700039625
6663,815164,True,1,125,25.389999710023403
6663,815748,True,1,76,27.81999981403351
6663,815818,True,1,64,24.45000011846423
6663,815820,True,1,65,0.319999810308218
6663,816293,True,1,39,-1.040000170469284
6663,816634,True,1,204,21.360000118613243
6663,816734,True,1,56,14.620000667870045
6663,816958,True,1,283,1.7199999652802944
6663,817172,True,1,39,22.309999763965607
6663,817325,True,1,30,5.490000054240227
6663,817441,True,1,105,18.39999971911311
6663,817550,True,2,1240,73.73999972455204
6663,817556,True,2,5050,99.38999737799168
6663,817697,True,1,44,6.299999967217445
6663,817793,True,1,68,35.31999986432493
6663,817819,True,1,112,3.2500004023313522
6663,817839,True,1,52,-3.84000027179718
6663,818359,True,1,66,2.889999955892563
6663,819233,True,1,923,-6.879999190568924
6663,819371,True,1,81,20.05999991297722
6663,820615,True,1,128,49.7099991440773
6663,820691,True,1,363,22.59999975375831
6663,820781,True,1,35,14.599999893456697
6663,821127,True,1,31,13.849999651312828
6663,821200,True,0,61,10.979999521747231
6663,821228,True,1,39,11.479999959468842
6663,821997,True,1,35,9.539999654516578
6663,822047,True,3,6220,236.62999995425344
6663,822125,True,1,200,32.789999812841415
6663,822181,True,1,45,13.24000035226345
6663,822651,True,1,57,2.339999943971634
6663,822664,True,0,41,0.8200000822544098
6663,822828,True,2,123,0.16000033915042877
6663,822926,True,1,1462,59.01999943330884
6663,823755,True,2,167,29.219999104738235
6663,824133,True,1,75,30.410000309348106
6663,824465,False,2,232,-2.769999533891678
6663,824601,True,1,72,11.819999858736992
6663,825150,True,1,38,4.270000085234642
6663,825399,True,1,68,9.949999988079071
6663,825540,True,0,487,53.26999995112419
6663,825841,True,1,81,12.709999680519104
6663,825889,True,1,43,17.79000050574541
6663,825929,True,1,1010,62.61999869346619
6663,826609,True,1,231,-16.720000034198165
6663,826715,True,1,153,3.0999993681907654
6663,826728,True,1,47,26.96000024676323
6663,827670,True,1,39,15.40999960899353
6663,827843,True,3,31252,1115.5800045263022
6663,827880,True,1,1522,53.63000015169382
6663,827995,True,1,63,17.390000173822045
6663,828004,True,1,28,17.120000114664435
6663,828082,True,1,33,15.399999916553497
6663,828298,True,1,856,84.34999923408031
6663,828449,True,1,42,30.86000031232834
6663,828651,True,0,15,11.479999884963036
6663,828738,True,1,50,14.769999623298645
6663,828752,True,1,61,2.4700003564357758
6663,828794,True,1,63,11.680000130087137
6663,829079,True,1,189,1.4500000029802322
6663,829218,True,1,44,17.499999701976776
6663,829611,True,0,43,2.5899995118379593
6663,829681,True,0,80,29.7800000756979
6663,830064,True,1,30,22.81000004708767
6663,830224,True,1,771,27.129999889060855
6663,830626,True,1,112,12.340000495314598
6663,830739,True,1,70,16.400000780820847
6663,831284,True,1,271,-14.779999680817127
6663,831343,True,1,66,21.910000324249268
6663,831362,True,1,61,16.829999417066574
6663,831907,True,1,179,24.720000073313713
6663,832419,True,1,45,8.30000028014183
6663,832700,True,1,47,25.22999930381775
6663,833081,True,1,49,23.589999951422215
6663,834037,True,1,198,11.989999659359455
6663,834166,True,1,38,7.7900000885128975
6663,834314,True,1,6168,153.89999957755208
6663,834588,True,1,49,21.140000239014626
6663,834635,True,2,135,2.9700000435113907
6663,834782,True,1,192,-8.499999701976776
6663,835120,False,1,37,2.8500001057982445
6663,835128,True,1,196,26.32000002451241
6663,835216,True,1,22,8.12999964877963
6663,835300,True,1,727,-1.1899995859712362
6663,835608,True,3,6255,264.63000146113336
6663,835769,True,1,24,0.5599994845688343
6663,836049,True,0,32,18.780000045895576
6663,836119,True,1,35,8.570000112056732
6663,836244,True,1,90,17.29999977350235
6663,836248,True,1,44,21.819999665021896
6663,837305,True,1,80,12.0799999833107
6663,837314,True,1,56,20.930000111460686
6663,837373,True,2,5935,170.7399999257177
6663,837817,True,1,48,-10.769999496638775
6663,837891,True,1,28,7.67999991774559
6663,838208,False,1,50,13.419999867677689
6663,838334,True,1,605,101.87999888509512
6663,838495,True,1,235,5.730000197887421
6663,838562,True,2,757,36.879999632015824
6663,838832,True,1,71,31.92999977618456
6663,839002,True,0,877,-27.57000008970499
6663,839391,True,1,107,12.279999300837517
6663,840069,True,1,75,22.079999789595604
6663,840211,True,3,267,-20.510000191628933
6663,840593,True,1,80,43.14000019431114
6663,841092,True,1,85,19.850000143051147
6663,841241,True,1,57,19.099999606609344
6663,841255,True,1,66,2.880000025033951
6663,841440,True,1,172,1.0800004079937935
6663,841638,True,1,33,-7.070000343024731
6663,841642,True,1,58,24.05999991297722
6663,841683,True,1,319,72.72000023722649
6663,841731,True,1,479,6.779999665915966
6663,841775,True,1,53,29.50999953597784
6663,842174,True,3,1783,75.01999990828335
6663,842200,True,1,13264,-130.52000296860933
6663,842433,True,1,52,4.129999965429306
6663,842711,True,0,217,15.729999788105488
6663,842940,False,0,344,-10.260000152513385
6663,843064,False,0,55,5.840000040829182
6663,843211,True,1,82,7.139999961480498
6663,843319,True,1,39,-1.570000298321247
6663,843661,True,1,78,-0.4500008225440979
6663,843791,True,1,90,10.829999767243862
6663,843911,True,1,819,43.87999935075641
6663,843930,True,1,43,34.76000006496906
6663,844029,True,1,177,73.64999975264072
6663,844030,True,1,47,-3.630000241100788
6663,844161,True,1,274,10.619999498128891
6663,844550,True,1,347,10.189999988302588
6663,844802,True,1,36,5.769999653100967
6663,845048,True,1,87,36.040000058710575
6663,845333,True,1,55,5.219999976456165
6663,845349,True,1,59,-3.679999714717269
6663,845483,True,1,396,23.679999485611916
6663,845850,True,1,87,-7.199999870732427
6663,846201,True,1,55,-1.3500000964850187
6663,846290,True,1,39,23.219999834895134
6663,846416,True,1,101,34.99000045284629
6663,846939,True,1,57,20.849999628961086
6663,847058,True,1,46,29.27000017464161
6663,847152,True,1,38,0.24000002443790436
6663,847299,True,1,35,13.330000057816505
6663,847482,True,1,72,0.1199997290968895
6663,847973,True,2,146,31.020000137388706
6663,848246,True,1,28,28.06000031530857
6663,848357,True,1,236,75.5300003234297
6663,848875,True,1,266,-30.8200003542006
6663,848896,True,1,44,10.83999978005886
6663,849249,True,2,6482,102.01000129804015
6663,849304,True,1,120,12.929999455809593
6663,849322,True,1,47,24.730000376701355
6663,849436,True,1,39,7.349999938160181
6663,850741,True,0,27,18.170000180602074
6663,850820,True,1,282,34.32999949902296
6663,851381,True,1,34,20.37999976426363
6663,851443,True,0,36,9.349999785423279
6663,851504,True,1,63,-9.860000308603048
6663,851561,True,1,446,2.5299999937415123
6663,851807,True,1,89,8.920000091195107
6663,851917,True,1,86,21.709999945014715
6663,852144,True,1,219,3.4300007224082947
6663,852585,True,1,140,27.760000128298998
6663,852902,False,0,18,12.790000140666962
6663,853279,True,1,152,34.66999987512827
6663,853875,True,1,136,11.139999881386757
6663,853889,True,3,7225,314.97999869659543
6663,854037,True,1,4026,128.22000105120242
6663,854053,True,1,47,25.979999765753746
6663,854314,True,1,492,46.629999566823244
6663,854531,True,1,40,1.5600001215934753
6663,854751,True,2,500,59.760000355541706
6663,854781,True,1,25,19.85999970138073
6663,855103,True,1,89,0.3399997875094414
6663,855223,True,0,41,17.549999799579382
6663,856002,True,1,43,-10.459999918937683
6663,856075,True,1,40,2.769999772310257
6663,856519,True,1,47,9.27999997138977
6663,856696,True,1,39,32.87999966740608
6663,858294,True,1,35,27.359999725595117
6663,858986,True,1,22,22.179999724030495
6663,859493,True,1,95,2.08000011369586
6663,859753,True,1,71,22.22999995946884
6663,859850,True,1,21,4.460000708699226
6663,860088,True,1,52,8.220000647008419
6663,860222,True,1,61,19.07999971881509
6663,860230,True,1,81,8.32000021636486
6663,860515,True,1,81,16.240000169724226
6663,860572,True,2,1048,46.01000037044287
6663,860807,True,1,233,52.08000009506941
6663,861037,False,1,37,5.089999713003635
6663,861660,True,3,3574,-6.7400016859173775
6663,861972,True,1,67,14.599999770522118
6663,862097,True,1,68,24.219999700784683
6663,862730,True,1,51,4.339999787509441
6663,862735,True,1,126,33.320000153034925
6663,862997,True,1,144,9.640000386163592
6663,863458,True,0,55,13.510000206530094
6663,863621,True,2,86,15.920000541955233
6663,863889,True,1,51,10.549999952316284
6663,864368,True,1,31,14.34999942779541
6663,864496,True,1,25,16.499999791383743
6663,864549,True,1,63,17.909999780356884
6663,864706,True,1,58,-2.1300004236400127
6663,864890,True,1,464,30.52000030130148
6663,865367,True,1,55,19.77000030875206
6663,866211,True,3,29856,-34.6400010548532
6663,866216,True,1,27,8.680000096559525
6663,866486,True,2,151,19.279999390244484
6663,866711,True,1,67,33.72999991476536
6663,866715,True,1,184,6.5300003960728645
6663,867053,True,1,39,17.439999669790268
6663,867057,True,1,216,6.100000232458115
6663,867102,True,2,4276,89.02000123634934
6663,867219,True,1,128,-3.7500005662441254
6663,868067,True,1,49,18.529999582096934
6663,868144,True,1,282,115.43000068329275
6663,868383,True,0,75,-24.830000191926956
6663,868621,True,1,240,-3.360000304877758
6663,868667,True,1,917,-46.57000018283725
6663,868726,True,1,1890,76.22999994456768
6663,868977,True,1,149,-4.459999974817038
6663,869305,True,0,58,24.149999618530273
6663,869648,True,1,55,31.38000084273517
6663,869657,True,1,50604,1482.429996183142
6663,870140,True,1,28,15.51999992504716
6663,870660,True,1,170,-0.5200002789497375
6663,871144,True,1,671,-5.650000303983688
6663,871728,True,1,75,5.179999515414238
6663,871775,True,1,79,9.199999880045652
6663,871947,True,1,266,35.169999888166785
6663,872244,True,1,129,13.299999909475446
6663,872643,True,1,40,23.239999974146485
6663,872688,True,1,34,6.839999750256538
6663,872694,True,1,162,46.30999974347651
6663,872825,True,1,22,5.629999965429306
6663,873312,True,2,1762,44.799999255687
6663,873480,True,1,31753,397.57000576518476
6663,873527,True,1,460,27.2099999319762
6663,873942,True,3,835,2.2499993164092302
6663,873971,True,2,426,59.94999996572733
6663,874095,True,1,223,13.450000032782555
6663,874225,True,1,39,27.87000010162592
6663,874283,True,1,32,24.579999774694443
6663,874745,True,2,676,-3.4599995464086533
6663,875686,True,1,84,17.490000396966934
6663,875767,True,1,419,28.189999621361494
6663,876237,True,2,178,33.489999594166875
6663,876684,True,2,66,8.960000040009618
6663,877021,True,1,53,8.370000213384628
6663,877241,True,1,77,20.600000323727727
6663,878092,True,1,47,3.109999865293503
6663,878284,True,1,119,11.090000234544277
6663,878299,True,0,94,8.300000090152025
6663,878645,True,1,48,47.43999990820885
6663,878840,True,1,38,2.7400001101195812
6663,878899,True,0,168,-15.059999503195286
6663,879276,True,1,33,-11.239999778568745
6663,879519,True,1,41,20.359999924898148
6663,879819,True,1,183,29.14999982714653
6663,880042,True,1,36,2.8999999314546585
6663,880118,True,1,170,22.660000445321202
6663,881392,True,1,65,21.969999760389328
6663,881773,True,1,89,21.76999992132187
6663,881899,True,1,27,16.310000330209732
6663,881957,True,1,41,9.279999814927578
6663,882069,True,1,223,1.650000050663948
6663,882169,True,1,188,1.400000162422657
6663,882671,True,3,539,66.62999971397221
6663,882718,True,1,49,33.92999991774559
6663,883414,True,1,60,0.26999991945922375
6663,883508,True,1,44,14.689999923110008
6663,883560,True,1,80,8.669999718666077
6663,883800,True,1,54,1.7500001899898052
6663,883871,True,1,40,8.95000054500997
6663,884109,True,1,1297,77.26000054553151
6663,884219,True,1,164,2.410000303760171
6663,884505,True,1,85,14.88999966531992
6663,884634,True,1,112,21.420000672340393
6663,884695,True,0,355,-0.09999977797269821
6663,884856,True,1,110,15.35999983549118
6663,885028,True,3,42388,808.9199968893081
6663,885052,True,1,250,29.51000013574958
6663,885173,True,1,64,9.289999905973673
6663,885182,True,1,41,11.260000497102737
6663,885422,True,1,38,-5.080000281333923
6663,885782,True,1,47,35.51000036299229
6663,885843,True,1,734,37.2999996393919
6663,886207,True,1,321,-15.03999969176948
6663,886322,True,2,724,32.71000015176833
6663,886475,True,0,45,-1.3599999248981476
6663,886649,True,1,31,19.170000046491623
6663,886689,True,2,80,13.930000249296427
6663,886889,True,1,28,4.530000105500221
6663,887118,True,1,31,-9.360000282526016
6663,887162,True,1,115,25.959999799728394
6663,887361,True,1,77,28.3700000513345
6663,887421,True,1,129,5.669999837875366
6663,887451,True,1,27,14.359999746084213
6663,887565,True,1,108,-9.31000004708767
6663,887861,True,1,32,10.420000176876783
6663,887905,True,1,28,17.270000159740448
6663,888147,True,0,144,23.090000100433826
6663,888157,True,3,935,85.16000008583069
6663,888298,True,1,48,10.800000086426735
6663,888523,False,0,39,20.120000038295984
6663,888639,True,1,79,21.59000012278557
6663,889737,True,1,49,13.119999907910824
6663,889818,True,1,194,37.399999499320984
6663,890101,True,0,60,22.200000256299973
6663,890160,True,2,259,7.300000194460154
6663,890164,True,1,30,14.390000194311142
6663,890221,True,1,52,-9.039999708533287
6663,891019,True,1,113,12.959999781101942
6663,891166,True,1,25,6.459999730810523
6663,891426,True,1,67,14.000000637024641
6663,892085,True,1,45,0.9999999701976776
6663,892114,True,1,151,-0.17999988794326782
6663,892391,True,1,328,-2.1799999717622995
6663,892688,True,0,35,-2.5900005847215652
6663,892791,True,1,1419,105.98999989032745
6663,892863,True,0,54,17.720000937581062
6663,893245,True,1,742,62.94999970495701
6663,893347,True,1,277,9.250000081956387
6663,893613,True,2,188,38.78000006079674
6663,893710,True,1,30,7.520000047981739
6663,893776,True,1,115,27.040000021457672
6663,894343,True,1,42,16.120000056922436
6663,894562,True,1,41,32.670000076293945
6663,894916,True,1,94,19.480000292882323
6663,895581,True,1,46,10.759999927133322
6663,896027,True,1,49,3.049999874085188
6663,896100,True,1,100,37.87000024691224
6663,896223,True,2,527,71.04000039584935
6663,896625,True,1,63,4.270000034943223
6663,897076,True,1,38,26.04999966919422
6663,897120,True,1,118,19.459999457001686
6663,897476,True,0,29,-3.1899996399879456
6663,897569,True,1,297,-6.8699998669326305
6663,897668,True,0,43,16.94999998807907
6663,897774,True,3,576,18.899999991059303
6663,897787,True,1,62,19.409999452531338
6663,898381,True,1,204,14.230000302195549
6663,898706,True,1,2083,132.01000180840492
6663,899114,True,1,37,0.7099997699260712
6663,899476,True,2,580,40.869999282062054
6663,900364,True,1,75,28.269999623298645
6663,900497,True,1,1769,89.2799998242408
6663,900598,True,1,472,48.04999874159694
6663,900709,True,1,49,-0.9799995049834251
6663,900958,True,1,33,17.72999943047762
6663,901195,True,2,193,7.729999585077167
6663,901586,True,1,1117,10.630000164732337
6663,901800,True,1,78,2.9499996975064278
6663,901859,True,1,50,23.369999788701534
6663,902173,True,1,96,23.399999858811498
6663,903464,True,1,31,15.54999977350235
6663,904080,True,1,49,4.610000491142273
6663,904252,True,1,47,12.350000420585275
6663,905014,True,1,37,9.289999945089221
6663,905532,True,1,56,4.659999892115593
6663,905626,True,1,36,-0.8599998354911804
6663,905782,True,1,969,40.280000530183315
6663,905955,True,1,72,11.849999845027924
6663,906535,True,1,1499,90.95000079274178
6663,906640,True,1,180,44.500000346452
6663,906894,True,1,72,3.8700000047683716
6663,907079,True,0,34,1.590000282973051
6663,907110,True,1,159,-11.210000146180391
6663,907357,True,1,52,5.450000017881393
6663,907395,True,1,93,32.85000015795231
6663,907566,True,0,31,9.729999721050262
6663,907576,True,1,28,21.159999921917915
6663,907849,True,2,12450,-88.3399995137006
6663,907924,True,1,34,1.3599998950958252
6663,907935,True,1,33,19.780000180006027
6663,907957,True,1,31,2.0299996435642242
6663,908025,True,1,51,1.9900003261864185
6663,908262,True,1,41,13.870000187307596
6663,908307,True,1,45,23.89999984204769
6663,908514,True,1,37,29.34000012278557
6663,908558,True,1,25,11.209999937564135
6663,908832,True,2,1417,154.5100014489144
6663,909194,True,1,45,22.790000095963478
6663,909515,True,1,115,5.919999983161688
6663,910224,True,1,34,3.1400000154972076
6663,910549,True,0,33,11.039999961853027
6663,910930,True,1,57,14.429999843239784
6663,911194,True,2,82,-5.9499999694526196
6663,911446,True,1,97,15.139999821782112
6663,911487,True,1,54,-1.1300001442432404
6663,911680,True,0,126,13.069999560713768
6663,911723,True,1,31,11.259999781847
6663,912353,True,1,154,14.879999933764338
6663,912434,True,1,38,1.6900002360343933
6663,912466,True,2,382,90.8400001898408
6663,912708,True,1,138,21.470001010224223
6663,913244,True,0,44,40.889999598264694
6663,913876,True,1,160,49.95000011473894
6663,913941,True,0,39,15.970000237226486
6663,914053,True,1,103,20.900000277906656
6663,914175,True,1,1205,97.94000047445297
6663,914216,True,1,41,0.2200002372264862
6663,914659,False,1,55,-9.57999986410141
6663,915001,True,1,111,20.89000043272972
6663,915265,True,1,248,26.51999942213297
6663,915377,True,1,1008,37.519999822601676
6663,915417,True,1,70,-1.950000025331974
6663,916228,True,1,87,18.470000222325325
6663,916439,True,1,173,26.359999865293503
6663,916452,True,1,617,34.54000045731664
6663,916649,True,1,431,-3.590000318363309
6663,916722,True,0,42,10.840000180527568
6663,916844,True,1,76,11.61000014282763
6663,916910,True,1,256,2.1600007880479097
6663,917249,False,1,2078,139.32999911345541
6663,917549,True,1,50,21.179999753832817
6663,917583,True,1,43,4.489999793469906
6663,917618,True,1,28,23.48000007867813
6663,917884,True,1,22,7.14000004529953
6663,918117,True,1,113,15.050000295042992
6663,918245,True,1,78,16.73999997600913
6663,918368,True,1,70,29.46000012010336
6663,918446,True,1,147,20.75999964028597
6663,919145,True,0,81,25.29000014066696
6663,919709,True,1,61,4.840000182390213
6663,919715,True,1,89,25.440000139176846
6663,919896,True,1,64,9.17999942600727
6663,920023,True,1,22,31.30999994277954
6663,920066,True,1,257,-17.470000237226486
6663,920160,True,1,80,11.920000344514847
6663,920487,True,1,92,29.100000105798244
6663,920576,True,2,534,77.06000036746264
6663,920660,True,1,57,25.99999964609742
6663,920784,True,1,84,18.55000000819564
6663,920818,True,0,177,35.54999977350235
6663,920975,True,1,33,18.479999989271164
6663,920994,True,2,1248,31.730000419542193
6663,921174,True,1,108,-2.419999837875366
6663,921631,True,1,238,44.01000006683171
6663,922260,True,1,790,-32.960000641644
6663,922743,True,1,80,1.3499999716877937
6663,922811,True,1,72,29.54000023752451
6663,922990,True,1,137,1.069999784231186
6663,923271,True,1,77,53.04000025987625
6663,924275,True,2,75,25.29999957047403
6663,924763,True,1,31,17.75999989360571
6663,924887,True,1,94,1.3699993640184402
6663,924954,False,1,62,8.48000019788742
6663,925574,True,2,1406,16.930000618100166
6663,925614,True,1,28,13.440000157803297
6663,925879,True,1,113,23.04000016860664
6663,926033,True,1,42,21.349999621510506
6663,926148,True,1,200,49.540000200271606
6663,926330,True,2,678,110.72999965772033
6663,926502,True,1,63,14.579999908804893
6663,927109,True,1,38,19.36999941803515
6663,927200,True,0,57,21.82999962195754
6663,927502,True,1,399,-17.189999915659428
6663,927526,True,1,56,-9.510000236332417
6663,927689,True,1,319,-2.9199998304247856
6663,927701,True,1,32,7.020000323653221
6663,927800,True,1,91,34.18999990075827
6663,928017,True,1,50,1.589999720454216
6663,928205,True,1,35,17.599999830126762
6663,928585,True,1,63,9.22999968379736
6663,929062,True,1,46,19.690000280737877
6663,929462,True,2,295,1.5899998545646667
6663,929609,True,0,50,26.53999951481819
6663,929836,True,1,86,28.620000602677464
6663,929957,True,1,1402,101.42999987863004
6663,930078,True,1,43,-4.480000115931034
6663,930346,True,1,67,28.170000359416008
6663,930381,True,1,193,8.30999967455864
6663,930848,True,1,78,14.65000057965517
6663,930863,False,1,27,0.0599999874830246
6663,931185,True,1,62,5.0799998342990875
6663,931490,True,1,34,12.419999670237303
6663,931531,True,1,34,22.95999902486801
6663,931714,True,2,296,84.48000059649348
6663,931751,True,1,49,53.25000041723251
6663,931778,True,1,57,30.010000318288803
6663,932023,True,1,346,11.24999919347465
6663,932058,True,1,223,28.100000277161598
6663,932094,True,1,52,11.81000043451786
6663,933264,True,1,48,3.7800006065517664
6663,933417,True,1,37,1.1199997700750828
6663,933654,True,1,49,36.469999611377716
6663,934157,True,1,87,3.970000073313713
6663,934464,True,0,73,5.089999973773956
6663,934505,True,0,44,5.40999972820282
6663,934508,True,0,46,9.150000032037497
6663,934718,True,2,573,54.509999834001064
6663,934796,True,0,21,12.749999560415745
6663,934817,True,1,117,23.01000026240945
6663,934963,True,1,200,-2.100000485777855
6663,935053,True,1,91,-1.5500000920146704
6663,935152,True,1,64,18.139999948441982
6663,935329,True,1,55,5.2799998596310616
6663,935420,True,1,165,7.569999853149056
6663,935800,True,0,59,34.55000054836273
6663,935924,True,1,149,-2.549999864771962
6663,935978,True,1,506,24.98999978788197
6663,936200,True,1,223,-6.1900002509355545
6663,936387,False,1,29,12.619999885559082
6663,936388,True,2,82,-5.819999907165766
6663,936419,True,1,31,-9.04999971203506
6663,936518,True,3,3426,73.96000040322542
6663,936545,True,1,71,8.999999858438969
6663,936585,True,1,113,-10.02999958023429
6663,937792,True,1,34,1.6000003404915333
6663,937812,True,1,707,0.6499998085200787
6663,937967,True,1,38,6.850000157952309
6663,938052,True,1,73,17.169999852776527
6663,938147,True,1,643,0.19999983720481396
6663,938241,True,1,93,22.369999431073666
6663,938653,True,1,20,21.240000545978546
6663,938684,True,3,498,65.39999848604202
6663,938715,True,1,39,11.16999975219369
6663,939025,True,1,468,25.839999821037054
6663,939038,True,1,79,29.840000301599503
6663,939117,True,1,58,3.26000009290874
6663,939173,True,1,34,13.479999899864197
6663,939242,True,1,200,32.10999986901879
6663,939422,True,1,33,1.3199999928474426
6663,939470,True,1,66,23.37000000476837
6663,939493,True,1,239,-4.690000094473362
6663,939870,True,1,335,30.009999686852098
6663,940224,True,2,1091,8.490000223740935
6663,940246,True,0,43,5.340000320225954
6663,940254,True,1,91,11.090000376105309
6663,940351,True,1,25,13.479999862611294
6663,940466,True,1,38,29.820000126957893
6663,940724,True,1,133,23.839999794960022
6663,941148,True,1,145,23.77999996393919
6663,941352,True,1,22,12.259999640285969
6663,942068,True,1,474,42.67999977059662
6663,942407,True,1,31,21.380000233650208
6663,942430,True,1,57,4.050000250339508
6663,942472,True,1,51,-12.200000271201134
6663,942786,True,2,221,14.689999906346202
6663,942895,True,1,197,-11.119999941438437
6663,942967,True,1,239,-13.170000188052654
6663,943242,True,3,2437,32.54000028222799
6663,943554,True,2,8439,0.5299999341368675
6663,943747,True,0,43,-10.71999967098236
6663,944597,True,1,122,22.2099993173033
6663,945067,True,0,121,0.16000031493604183
6663,945162,True,1,102,32.19999971985817
6663,945195,True,1,148,11.49000022560358
6663,945275,True,1,122,10.220000326633453
6663,945276,True,0,59,13.890000633895397
6663,945499,True,1,61,19.039999917149544
6663,945590,True,1,147,5.910000368952751
6663,946246,True,1,71,6.3299997337162495
6663,946291,True,1,286,-15.070000119507313
6663,946294,True,1,93,-0.5200000405311584
6663,946411,True,1,429,30.09000039100647
6663,946437,True,1,226,11.050000131130219
6663,946860,True,1,258,55.32000018283725
6663,946999,True,1,66,32.89000016450882
6663,947134,True,1,143,-11.390000149607658
6663,947164,True,0,30,15.340000193566084
6663,947888,True,1,14251,-4.830000324174762
6663,947983,True,1,75,17.3599999435246
6663,948334,True,1,96,19.54999970458448
6663,948441,True,1,46,0.13000009953975677
6663,948501,True,1,390,7.919999837875366
6663,948899,True,1,34,27.06000005081296
6663,949326,True,1,78,-1.0100004523992538
6663,949385,True,1,162,20.319999542087317
6663,949729,True,1,74,46.60999985784292
6663,949812,True,2,4903,192.69999990984797
6663,950073,True,1,46,23.339999802410603
6663,950163,True,1,101,14.799999989569187
6663,950433,True,1,51,25.089999824762344
6663,950499,True,1,41,6.880000352859497
6663,950777,True,1,283,16.13000039756298
6663,950787,True,1,79,6.9300002455711365
6663,951208,True,1,76,-8.040000095963478
6663,951621,True,3,721,53.039998821914196
6663,952157,True,1,34,16.11000019311905
6663,952406,True,1,43,31.790000542998314
6663,952733,True,1,30,-5.97999974898994
6663,952734,True,1,125,40.560000685974956
6663,952999,True,1,31,10.149999991059303
6663,953673,True,1,91,9.210000157356262
6663,953908,True,0,58,-8.539999760687351
6663,954114,True,1,49,29.810000091791153
6663,954282,True,1,172,16.03999960422516
6663,954490,True,1,90,-7.850000008940697
6663,954712,True,1,43,21.729999780654907
6663,954790,True,1,703,64.02000044845045
6663,955079,True,1,29,8.92999991774559
6663,955085,True,1,718,-5.400000553578138
6663,955259,True,1,84,23.259999707341194
6663,955325,True,2,1274,-21.22999994456768
6663,955473,True,1,140,33.16000020503998
6663,955617,True,2,1472,24.949998926371336
6663,956844,True,1,211,47.1400006711483
6663,957414,True,1,32,27.189999874681234
6663,957487,True,1,28,20.500000059604645
6663,957701,True,1,33,15.439999714493752
6663,958329,True,1,88,17.859999872744083
6663,958359,True,0,101,19.570000007748604
6663,958380,True,1,45,11.510000012814999
6663,958932,True,1,120,-1.6800000425428152
6663,959285,True,0,34,29.09000000357628
6663,959399,True,1,38,22.979999713599682
6663,959461,True,1,82,33.53000023961067
6663,959754,True,1,149,13.290000021457672
6663,960011,True,0,31,4.9500002190470695
6663,960254,True,1,68,21.210000053048134
6663,960972,True,1,75,26.88999981433153
6663,961316,True,1,53,29.05000044219196
6663,961637,True,1,286,2.750000186264515
6663,961987,False,1,37,20.569999665021896
6663,962285,True,1,190,25.13999968767166
6663,962525,True,1,44,-5.21999990940094
6663,962821,True,1,2158,68.81999982520938
6663,962875,True,1,126,30.51000028848648
6663,962926,True,1,42,7.7000001557171345
6663,962952,True,3,2552,87.22999926097691
6663,963334,True,1,207,15.530000060796738
6663,963529,True,1,88,6.2999998815357685
6663,963725,True,1,278,35.19999948516488
6663,963936,True,1,11732,20.059999082237482
6663,964167,True,1,40,-1.8900002837181091
6663,964584,True,1,193,4.849999764934182
6663,964590,True,1,116,18.44999977760017
6663,964755,True,1,864,61.64000031352043
6663,965539,False,0,39,12.490000158548355
6663,965607,True,0,85,20.300000309944153
6663,965757,True,1,42,-0.5300000458955765
6663,965942,True,1,97,22.179999282583594
6663,966657,True,1,36,11.139999948441982
6663,966698,True,1,46,18.930000448599458
6663,966768,True,1,96,6.099999602884054
6663,966893,True,1,49,18.19000039808452
6663,966895,True,1,36,-5.969999849796295
6663,967453,True,1,200,30.71999890357256
6663,968050,True,2,810,87.4499995764345
6663,968063,True,1,45,6.860000059008598
6663,968269,True,1,2248,89.0299999769777
6663,968443,True,1,41,23.59000012278557
6663,968538,True,0,110,27.70000026933849
6663,969281,True,1,141,12.40000007301569
6663,969815,True,1,30,6.679999737069011
6663,970290,True,1,77,-3.789999419823289
6663,970376,True,1,46,7.990000393241644
6663,970380,True,1,251,38.460000744089484
6663,970839,True,1,49,7.630000218749046
6663,971097,True,1,33,17.92000025510788
6663,971630,False,0,29,-29.459999948740005
6663,971765,True,1,149,59.56999962031841
6663,972564,True,1,138,27.650000484660268
6663,972708,True,2,26312,85.28999848477542
6663,973414,True,0,63,7.599999628961086
6663,973502,True,1,28,28.329999893903732
6663,974115,True,1,177,-7.280000500380993
6663,974159,True,1,135,13.079999789595604
6663,974177,True,1,79,20.330000549554825
6663,974298,True,0,43,-6.439999967813492
6663,974385,True,1,271,-1.1999998688697815
6663,974822,True,1,47,12.560000218451023
6663,975338,True,1,70,9.849999969825149
6663,975386,True,1,68,10.889999758452177
6663,975996,True,1,52,25.730000138282776
6663,976098,True,1,73,-2.450000435113907
6663,976232,True,1,35,-4.140000224113464
6663,976272,True,1,154,40.65000011026859
6663,976299,True,1,98,20.749999687075615
6663,976403,True,1,54,25.300000183284283
6663,976629,True,1,31,4.850000213831663
6663,976803,True,1,159,9.660000057891011
6663,977043,True,2,148,0.02000012993812561
6663,977103,True,0,15,14.309999823570251
6663,977141,True,2,139,24.570000052452087
6663,978350,True,1,487,54.83999981358647
6663,978472,True,1,40,11.469999583438039
6663,978508,True,1,592,11.499999882653356
6663,978606,True,1,31,-10.279999688267708
6663,979071,True,1,101,-10.259999783709645
6663,979186,True,1,47,15.040000312030315
6663,979589,True,1,306,11.720000460743904
6663,979593,True,1,457,19.260000076144934
6663,979815,True,1,33,-6.350000381469727
6663,979828,True,1,134,0.37999992445111275
6663,980367,True,1,82,12.83999971486628
6663,980385,True,1,382,31.87999965250492
6663,980827,True,1,629,30.63999954983592
6663,981070,True,1,33,16.08000016026199
6663,981450,True,1,65,19.94000008702278
6663,981585,True,1,52,25.719999633729458
6663,982058,True,1,43,20.309999607503414
6663,982355,True,1,80,13.359999775886536
6663,982708,True,1,5935,68.74000154808164
6663,983267,True,1,52,17.290000094100833
6663,983825,True,1,51,23.780000150203705
6663,984138,True,1,45,4.940000394359231
6663,984168,True,1,676,8.460001293569803
6663,984879,True,1,19,14.06000005826354
6663,985039,True,2,55819,1458.7699989192188
6663,985131,True,1,51,10.900000154972076
6663,986566,True,1,53,20.049999825656414
6663,986815,True,1,140,3.2700004521757364
6663,986845,True,1,50,16.12000025436282
6663,986952,True,2,7545,128.4800006467849
6663,987182,True,1,39,25.17999939620495
6663,987228,True,1,138,17.480000223964453
6663,988068,True,1,98,7.6499998196959496
6663,988478,True,1,34,24.55999982357025
6663,988546,True,1,236,-0.04000004380941391
6663,988555,True,1,35,11.899999747052789
6663,988799,True,1,523,34.10999945923686
6663,988828,True,2,623,35.90000016987324
6663,988858,True,3,2237,193.79999989271164
6663,989151,True,0,115,25.580000072717667
6663,989225,True,1,141,14.629999749362469
6663,989490,True,1,550,12.020000018179417
6663,989492,True,1,25,1.5499996580183506
6663,990201,True,1,80,14.750000108033419
6663,990223,True,0,22,-0.3399999141693115
6663,990278,True,1,40,2.670000035315752
6663,990328,True,2,58,16.62000023201108
6663,991240,True,1,77,12.579999968409538
6663,991444,True,1,48,3.0299998968839645
6663,991529,True,1,5269,140.57000059448183
6663,991601,True,1,36,-2.6300000809133053
6663,992056,True,1,57,16.24999914318323
6663,992313,True,0,66,6.850000228732824
6663,992715,True,1,143,22.870000328868628
6663,992844,True,0,53,19.96000048518181
6663,992989,True,1,39,-0.9699999690055847
6663,993036,True,3,3144,96.56000050902367
6663,993134,True,1,52,8.709999896585941
6663,993215,True,1,112,18.91999978199601
6663,993482,True,1,206,13.920000083744526
6663,993619,True,1,57,21.13000036776066
6663,993652,True,1,625,-7.640000127255917
6663,994663,True,1,267,-14.319999499246478
6663,995183,True,0,50,8.280000273138285
6663,995256,True,1,41,10.00999991595745
6663,995265,True,1,262,34.430000230669975
6663,996092,True,1,125,34.4500000718981
6663,996318,True,1,720,63.10000038705766
6663,996566,True,1,44,15.509999580681324
6663,997409,True,1,94,-0.7900005877017975
6663,997475,True,1,92,1.6900004297494888
6663,997518,True,1,66,9.190000582486391
6663,997753,True,1,219,30.67000062763691
6663,997870,True,1,42,28.57000023126602
6663,997872,True,1,28,4.249999711290002
6663,997934,True,1,143,2.2800007686018944
6663,998177,True,1,52,16.23000006750226
6663,998280,True,1,51,22.640000745654106
6663,998462,True,1,44,15.919999990612268
6663,999103,True,1,49,30.699999779462814
6663,999338,True,0,53,2.670000061392784
6663,999354,True,2,1510,4.150000983849168
6663,999356,True,1,27,21.27000004425645
6663,999434,True,0,94,-5.990000218153
6663,999438,True,1,39,9.090000331401825
6663,999485,False,1,103,8.500000406056643
6663,999514,True,1,84,18.349998965859413
6663,999636,True,1,94,0.3300001509487629
6663,999699,True,1,1943,44.140000727027655
6663,461,-1,0,34,-10.350000396370888,0.0
6663,4738,-1,0,182,17.769999712705612,0.0
6663,9664,-1,0,43,5.429999828338623,0.0
6663,9754,-1,0,199,17.880000166594982,0.0
6663,10530,-1,0,44,11.53999986499548,0.0
6663,24829,-1,0,103,23.60000006109476,0.0
6663,54212,-1,0,37,7.599999966099858,0.0
6663,67695,-1,0,98,4.379999337717891,0.0
6663,81267,2,0,345,45.17000008933246,0.0
6663,89906,-1,0,45,18.940000230446458,0.0
6663,97977,-1,0,29,35.96999993920326,0.0
6663,101575,-1,0,38,13.060000211000443,0.0
6663,6387,-1,0,61,24.57000046223402,0.0
6663,18464,-1,0,55,22.459999281913042,0.0
6663,21633,-1,0,53,-2.5331974029541016e-07,0.0
6663,21989,4,0,232,19.849999744445086,0.0
6663,36583,-1,0,36,18.620000302791595,0.0
6663,40148,3,0,279,35.149999275803566,0.0
6663,40188,3,1,422,37.39999985136092,10.602235231680742
6663,44617,-1,0,36,-2.8899999260902405,0.0
6663,59044,4,1,898,90.41999907232821,3.292055454925773
6663,78542,4,0,228,2.629999838769436,0.0
6663,85424,-1,0,42,4.019999861717224,0.0
6663,90245,-1,0,77,1.8099992275238037,0.0
6663,102298,-1,0,35,3.6800001487135887,0.0
6663,102958,-1,0,42,5.640000343322754,0.0
6663,111635,-1,0,68,9.189999401569366,0.0
6663,113953,-1,0,114,8.730000045150518,0.0
6663,114473,-1,0,49,13.190000012516975,0.0
6663,124002,-1,0,39,11.980000173673034,0.0
6663,126052,-1,0,1497,18.730001006275415,0.0
6663,129642,2,1,1978,89.87000042945147,79.50966063724236
6663,132150,-1,0,34,2.1599998604506254,0.0
6663,133885,-1,0,37,13.279999550431967,0.0
6663,142424,-1,0,66,-1.319999972358346,0.0
6663,151038,-1,0,70,37.019999757409096,0.0
6663,166461,-1,0,49,4.590000096708536,0.0
6663,170197,-1,0,175,11.779999550431967,0.0
6663,175455,-1,0,22,23.219999741762877,0.0
6663,176547,-1,0,177,7.999999865889549,0.0
6663,176960,-1,0,44,8.0899997651577,0.0
6663,184507,-1,0,70,11.710000455379486,0.0
6663,185551,5,0,393,42.00000070221722,0.0
6663,185677,-1,0,46,-3.409999892115593,0.0
6663,196978,-1,0,137,10.119999587535858,0.0
6663,218889,-1,0,245,0.9699999839067459,0.0
6663,224458,-1,0,28,2.790000170469284,0.0
6663,232167,-1,0,58,1.509999766945839,0.0
6663,233347,-1,0,100,17.629999827593565,0.0
6663,253739,-1,0,54,22.010000318288803,0.0
6663,272309,-1,0,62,25.72000028192997,0.0
6663,276563,-1,0,80,4.559999480843544,0.0
6663,286959,-1,0,83,12.23999996110797,0.0
6663,290065,-1,0,52,7.120000142604113,0.0
6663,290968,-1,0,154,19.63000027835369,0.0
6663,306605,2,0,701,43.91999988257885,0.0
6663,308152,-1,0,92,-5.229999460279942,0.0
6663,313435,-1,0,45,16.479999862611294,0.0
6663,317073,-1,0,42,1.6900001466274261,0.0
6663,320355,-1,0,38,28.370000302791595,0.0
6663,322143,-1,0,51,-0.09999990463256836,0.0
6663,322354,4,0,608,54.23999932035804,0.0
6663,324886,-1,0,248,37.29000014811754,0.0
6663,325084,-1,0,103,0.4900001250207424,0.0
6663,327120,-1,0,41,16.350000083446503,0.0
6663,332389,-1,0,76,4.8500000182539225,0.0
6663,335957,-1,0,43,24.81999981403351,0.0
6663,338663,-1,0,28,10.999999772757292,0.0
6663,340290,-1,0,91,-0.7400000765919685,0.0
6663,340821,-1,0,126,-21.889999881386757,0.0
6663,343070,-1,0,38,7.609999993816018,0.0
6663,353044,-1,0,25,10.059999737888575,0.0
6663,355497,-1,0,262,30.869999676942825,0.0
6663,362097,-1,0,143,-15.100000815466046,0.0
6663,368230,-1,0,94,35.49000005982816,0.0
6663,369193,-1,0,263,51.43999985605478,0.0
6663,376848,-1,0,432,45.45999961160123,0.0
6663,381213,-1,0,39,0.05000042915344238,0.0
6663,381741,-1,0,147,42.919999957084656,0.0
6663,397537,-1,0,56,18.04999972693622,0.0
6663,409642,-1,0,49,23.87000006623566,0.0
6663,418112,-1,0,53,45.700000271201134,0.0
6663,423618,-1,0,23,21.209999978542328,0.0
6663,431166,-1,0,43,17.360000103712082,0.0
6663,441520,-1,0,30,15.580000698566437,0.0
6663,444239,-1,0,137,15.039999693632126,0.0
6663,449490,-1,0,69,21.34999993443489,0.0
6663,455061,-1,0,30,-0.7800002247095108,0.0
6663,464488,-1,0,36,6.209999859333038,0.0
6663,471931,-1,0,101,5.870000123977661,0.0
6663,478658,-1,0,123,9.74000034481287,0.0
6663,479749,-1,0,123,-8.669999688863754,0.0
6663,488682,2,0,5226,-5.5799983739852905,0.0
6663,491554,-1,0,61,11.199999868869781,0.0
6663,493003,-1,0,28,0.5100001096725464,0.0
6663,494161,4,0,2232,96.36000020429492,0.0
6663,495039,-1,0,39,20.510000079870224,0.0
6663,512087,-1,0,33,10.429999589920044,0.0
6663,524096,-1,0,33,16.740000635385513,0.0
6663,527886,-1,0,90,8.540000341832638,0.0
6663,528072,-1,0,39,10.980000257492065,0.0
6663,530761,-1,0,28,12.319999627768993,0.0
6663,531783,-1,0,65,19.899999542161822,0.0
6663,543292,-1,0,78,9.23000019788742,0.0
6663,544969,-1,0,39,18.74000085145235,0.0
6663,555105,-1,0,126,-5.590000309050083,0.0
6663,569766,-1,0,26,-8.199999880045652,0.0
6663,576183,-1,0,57,10.410000085830688,0.0
6663,590978,-1,0,37,7.140000432729721,0.0
6663,601016,-1,0,296,11.319999981671572,0.0
6663,607746,-1,0,70,7.910000056028366,0.0
6663,614774,-1,0,46,2.2099998220801353,0.0
6663,615737,-1,0,117,11.589999914169312,0.0
6663,619283,-1,0,54,32.85000030696392,0.0
6663,621464,-1,0,51,15.839999914169312,0.0
6663,623060,-1,0,105,21.630000162869692,0.0
6663,635175,-1,0,134,1.509999766945839,0.0
6663,635740,-1,0,105,20.929999969899654,0.0
6663,638673,-1,0,25,18.060000222176313,0.0
6663,640553,-1,0,74,20.709999799728394,0.0
6663,645303,-1,0,109,13.620000094175339,0.0
6663,649400,-1,0,28,13.840000160038471,0.0
6663,653560,-1,0,33,6.9799997210502625,0.0
6663,658103,-1,0,22,7.43999981880188,0.0
6663,660546,-1,0,134,22.810000015422702,0.0
6663,672415,-1,1,94,1.1300003118813038,44.728814064954655
6663,680715,-1,0,40,12.130000054836273,0.0
6663,714529,-1,0,103,30.130000431090593,0.0
6663,722985,1,2,19725,6.479997672140598,71.4332016341814
6663,729399,-1,0,36,30.97999994456768,0.0
6663,741669,-1,0,65,18.14999946951866,0.0
6663,749752,-1,0,57,34.569999719038606,0.0
6663,754327,-1,0,54,4.740000531077385,0.0
6663,763291,-1,1,157,9.100000277161598,6.3403471592856295
6663,779525,-1,0,19,5.8900004252791405,0.0
6663,780468,-1,0,238,27.52000017464161,0.0
6663,780736,-1,0,142,3.729999652132392,0.0
6663,782690,-1,0,70,28.21999979764223,0.0
6663,783418,-1,0,50,6.780000247061253,0.0
6663,784302,-1,0,46,7.309999814257026,0.0
6663,785659,-1,0,72,22.040000289678574,0.0
6663,787846,3,1,10846,-45.02999972552061,255.93155912560246
6663,788052,-1,1,201,13.090000197291374,16.05702633680628
6663,788662,2,0,958,83.8400002270937,0.0
6663,789078,-1,0,49,4.920000283047557,0.0
6663,789187,-1,0,36,7.9299997836351395,0.0
6663,789816,-1,0,28,27.60999971628189,0.0
6663,790794,-1,0,51,1.1199998818337917,0.0
6663,790829,-1,0,30,15.399999439716339,0.0
6663,790881,-1,0,83,12.999999761581421,0.0
6663,791191,3,1,731,12.549999693408608,9.960802358816721
6663,793160,-1,0,193,-1.2399999052286148,0.0
6663,794911,-1,0,55,26.770000025629997,0.0
6663,795631,-1,0,138,-2.5799997355788946,0.0
6663,796495,4,0,247,55.04000090807676,0.0
6663,799504,-1,0,98,11.190000478178263,0.0
6663,802098,-1,0,25,14.19999985396862,0.0
6663,804171,-1,0,207,34.520000129938126,0.0
6663,806402,1,1,5800,37.47000017017126,168.275002960525
6663,807280,-1,0,21,15.830000281333923,0.0
6663,808695,-1,0,33,0.7500002160668373,0.0
6663,809176,3,0,1774,30.70000084862113,0.0
6663,809196,-1,0,43,13.109999902546406,0.0
6663,810743,-1,0,144,4.629999816417694,0.0
6663,810993,-1,0,111,14.59999966621399,0.0
6663,814121,-1,0,299,1.7499999031424522,0.0
6663,815316,-1,0,31,17.879999794065952,0.0
6663,816734,-1,0,56,14.620000667870045,0.0
6663,817862,-1,0,199,44.88999956846237,0.0
6663,821228,-1,0,39,11.479999959468842,0.0
6663,822153,3,0,1078,38.32000040449202,0.0
6663,822215,-1,0,80,0.139999657869339,0.0
6663,822511,-1,0,512,-29.129999600350857,0.0
6663,823732,1,1,1358,28.170000065118074,45.651532972733726
6663,824770,-1,0,459,1.5900000482797623,0.0
6663,825144,-1,0,39,12.1700000166893,0.0
6663,825669,-1,0,60,11.67999978363514,0.0
6663,827171,1,2,2621,147.35000126436353,45.62928548281139
6663,829218,-1,0,44,17.499999701976776,0.0
6663,830708,-1,0,43,23.110000252723694,0.0
6663,831083,-1,0,172,12.580000316724181,0.0
6663,831196,1,2,15411,153.43000270053744,99.73617785705649
6663,831465,-1,0,30,-1.0699999928474426,0.0
6663,833732,-1,0,102,-0.8799996916204691,0.0
6663,834202,3,2,2971,29.620000829920173,37.273401839810894
6663,835308,-1,0,46,-2.5200000554323196,0.0
6663,835616,-1,0,95,36.13000015169382,0.0
6663,836478,2,0,346,55.58000076189637,0.0
6663,837411,-1,0,56,16.889999985694885,0.0
6663,838016,-1,0,131,-0.05999960005283356,0.0
6663,838786,-1,0,42,17.179999873042107,0.0
6663,839262,-1,0,38,4.400000244379044,0.0
6663,841396,-1,0,41,8.319999940693378,0.0
6663,843584,1,0,2184,-21.94999920576811,0.0
6663,844161,-1,0,274,10.619999498128891,0.0
6663,845242,-1,0,95,15.829999715089798,0.0
6663,845760,1,0,225,14.659999281167984,0.0
6663,845813,-1,0,43,16.700000405311584,0.0
6663,845966,5,0,600,23.12000034376979,0.0
6663,849552,-1,0,132,28.280000435188413,0.0
6663,851651,-1,0,136,10.660000439733267,0.0
6663,851690,-1,0,41,11.019999489188194,0.0
6663,854624,-1,0,39,8.279999811202288,0.0
6663,855819,-1,0,133,27.72000029683113,0.0
6663,856344,-1,0,139,14.409999929368496,0.0
6663,856979,2,0,556,-1.4700008109211922,0.0
6663,858239,-1,0,112,7.1399994641542435,0.0
6663,858561,2,0,307,-4.200000248849392,0.0
6663,858955,3,0,304,46.00000058487058,0.0
6663,860490,-1,0,138,22.750000454485416,0.0
6663,865044,-1,0,89,2.6400000154972076,0.0
6663,865507,-1,0,33,30.850000381469727,0.0
6663,865742,-1,0,60,35.32999955676496,0.0
6663,865947,4,1,489,93.7999997548759,63.28148681945879
6663,866133,-1,0,347,29.250000642612576,0.0
6663,869062,4,0,6895,74.72999946959317,0.0
6663,869302,-1,0,49,16.340000092983246,0.0
6663,869422,-1,0,87,1.4899999871850014,0.0
6663,871702,-1,0,233,9.330000221729279,0.0
6663,871791,-1,0,30,5.270000163465738,0.0
6663,873508,-1,0,75,9.290000259876251,0.0
6663,874766,2,1,4717,133.42000044696033,1.5681345710785153
6663,875541,-1,1,124,15.400000033900142,15.216701285487359
6663,878448,2,0,398,14.069999910891056,0.0
6663,878450,-1,0,86,23.309999365359545,0.0
6663,878479,-1,0,77,6.590000122785568,0.0
6663,878660,-1,0,125,-0.7799998968839645,0.0
6663,878860,-1,0,33,12.020000137388706,0.0
6663,879684,-1,0,40,29.80999994277954,0.0
6663,879996,3,1,4300,-32.27999917976558,46.898370808760156
6663,881218,5,0,749,52.679999843239784,0.0
6663,881445,-1,0,64,18.330000568181276,0.0
6663,882671,-1,2,539,66.62999971397221,185.09923567246972
6663,883310,-1,0,79,43.09000089019537,0.0
6663,883935,4,2,1933,36.969999676570296,38.4697820868147
6663,885208,-1,0,49,15.759999919682741,0.0
6663,886614,-1,0,36,8.40000025741756,0.0
6663,887908,5,1,1003,-25.19000087864697,68.91452444703322
6663,888515,5,0,690,77.63999961689115,0.0
6663,891727,-1,0,144,9.630000149831176,0.0
6663,892304,-1,0,22,8.910000249743462,0.0
6663,894379,-1,0,33,10.190000027418137,0.0
6663,895087,3,2,29250,74.84999888576567,33.015773837089455
6663,895808,2,2,22856,-101.3700003027916,173.48297952467368
6663,896060,-1,0,81,-2.8000001534819603,0.0
6663,897722,-1,0,59,7.500000029802322,0.0
6663,897837,-1,0,33,14.260000213980675,0.0
6663,898526,-1,0,43,15.509999744594097,0.0
6663,898684,-1,0,57,8.94000057503581,0.0
6663,899206,-1,1,483,34.84999951720238,2.549069383955752
6663,900887,-1,0,24,9.330000400543213,0.0
6663,900992,-1,0,37,-0.4400002248585224,0.0
6663,901013,-1,0,32,8.710000023245811,0.0
6663,901530,2,2,9027,-308.2200001515448,53.681842559922714
6663,902421,1,1,462,32.31999968364835,2.782591256478388
6663,902934,-1,0,30,14.840000160038471,0.0
6663,904682,-1,0,42,21.279999673366547,0.0
6663,907952,-1,0,52,4.470000296831131,0.0
6663,909936,-1,0,195,33.91999925673008,0.0
6663,913207,-1,0,43,16.389999778941274,0.0
6663,915325,-1,0,121,16.72999995946884,0.0
6663,915395,-1,1,44,14.88000052422285,3.5850152842661176
6663,916033,-1,0,37,22.190000601112843,0.0
6663,916835,-1,0,39,30.430000215768814,0.0
