run,event_number
5132,4112645
5132,5089767
5132,6868175
5132,8262964
5132,12469833
5132,15636395
5132,21749205
5132,24123474
5132,24683585
5132,24705240
5132,25652857
5132,26170179
5132,26171176
5132,28219794
5132,29703019
5132,45683696
5132,47694086
5132,50707712
5132,51108013
5132,57016849
5132,64375516
5132,66973178
5132,69387664
5132,72612125
5132,73357509
5132,73610878
5132,78021050
5132,81943702
5132,84376682
5132,85680361
5132,87753880
5132,88157767
5132,95802121
5132,101947508
5132,109265188
5132,115421367
5132,120004315
5132,124512885
5132,127384364
5132,136110468
5132,139394240
5132,139706986
5132,142463676
5132,142560447
5132,145234611
5132,147800935
5132,148144254
5132,151905693
5132,163119511
5132,166105724
5132,172149903
5132,173237815
5132,176020446
5132,177243938
5133,1952291
5133,14233926
5133,19346654
5133,25381354
5133,30015181
5133,30286670
5133,37055650
5133,41559800
5133,43952350
5133,51491038
5133,51862419
5133,53677281
5133,53798103
5133,54680291
5133,65545241
5133,69384383
5133,70227559
5133,71097228
5133,71259400
5133,72287916
5133,75784754
5133,78109346
5133,82093057
5133,86763054
5133,88426728
5133,92537969
5133,97440328
5133,98685421
5144,694014
5144,6326494
5144,11202109
5144,11249023
5144,14177378
5144,15171522
5144,17345548
5144,17698645
5144,17997357
5144,23128776
5144,25292701
5144,30541090
5144,40057529
5144,40595287
5144,46967435
5154,6764177
5154,7337296
5154,10856816
5154,22375824
5154,22700504
5154,24732766
5154,24843013
5154,25836256
5154,32509336
5154,33501072
5154,33585863
5154,35159187
5154,35678252
5154,40435338
5154,42071021
5154,44747787
5154,46520992
5154,48194366
5154,49518451
5154,50347343
5154,60299967
5154,60708672
5154,62379121
5154,69979303
5154,73442362
5154,78049004
5154,79653530
5154,84450826
5154,84455504
5154,85245148
5154,87552606
5154,94271898
5154,94935707
5154,99108255
5154,100543041
5154,104286928
5154,105308317
5154,108245035
5154,108645660
5154,108980646
5154,109356142
5154,117054599
5154,119031155
5154,119408864
5154,122251822
5154,125413390
5154,125788222
5154,129570848
5154,138853298
5154,139263711
5154,149550660
5154,153428381
5154,155822400
5154,160265748
5154,160325170
5154,163897811
5154,164142944
5154,167134510
5154,170030774
5154,171573456
5154,176260551
5157,3166193
5157,11649856
5157,12129014
5157,13199945
5157,13581931
5157,14868765
5157,21190355
5157,26498205
5157,27151707
5157,30926400
5157,32440137
5157,32527894
5157,38253211
5157,46933286
5157,47666004
5157,47818481
5157,49014153
5157,53961243
5157,54532551
5157,60139205
5157,60330697
5157,61937712
5157,66235473
5157,67770350
5157,72409335
5157,73591717
5157,75029230
5157,75196255
5157,84731234
5157,85868097
5157,88301468
5157,90120061
5157,91371744
5157,91556921
5157,95883861
5157,96074165
5157,99785584
5157,100719161
5157,108062525
5157,109835238
5157,111261136
5157,112930499
5157,122507878
5157,123934997
5157,125699080
5157,133814317
5157,142739126
5157,149722450
5157,150754982
5157,153050392
5157,153241837
5157,159977647
5157,160069491
5157,160077698
5159,2262343
5159,5962571
5159,7576765
5159,10459175
5159,11484542
5159,11791987
5159,14666401
5159,14991458
5159,16773412
5159,17016903
5159,26364025
5159,27083536
5159,28784773
5159,32607159
5159,41193682
5159,42666952
5159,52112004
5159,52754401
5159,59429177
5159,61516268
5159,61615577
5159,64245920
5159,65966316
5159,68750679
5159,70181818
5159,76418000
5159,83046152
5159,84834677
5159,89852916
5159,93473974
5159,93871020
5159,95605273
5159,102625628
5159,107228383
5159,115075650
5171,1093298
5171,7840803
5171,8245440
5171,12089020
5171,12392717
5171,13305454
5171,21642370
5171,38651826
5171,45031500
5171,46116226
5171,47373770
5171,52259932
5171,53889567
5171,55632411
5171,56595008
5171,60462031
5171,62748182
5171,63696812
5171,67062698
5171,67312398
5171,69640691
5171,70490727
5171,72913634
5171,73540995
5171,77197235
5171,78993929
5171,79964313
5171,80725661
5171,87047222
5171,94022986
5171,94903501
5171,97459462
5171,107137404
5171,108503374
5180,3129149
5180,3904362
5180,6558188
5180,12176761
5180,12268029
5180,22848200
5180,24563371
5180,26285014
5180,43453971
5180,45588619
5180,52235197
5180,53205291
5180,53543390
5180,53997973
5180,56216988
5180,58291897
5180,58295958
5180,81284079
5180,84433432
5180,85703030
5180,86211433
5180,90067226
5180,90682934
5180,94065716
5180,96865726
5180,98301248
5180,98612597
5180,99831632
5180,101763865
6215,3338128
6215,6566385
6215,8983817
6215,13877687
6215,23008381
6223,3337425
6223,6055281
6223,12542565
6223,23862622
6223,26773482
6223,27396084
6223,28589687
6223,30651137
6223,34189758
6223,44619183
6223,46306149
6223,49752496
6226,14574892
6226,15947823
6226,16114614
6226,23140256
6226,26664127
6226,27943903
6226,38655185
6226,39205143
6226,39254453
6226,41502008
6226,53248917
6226,54879643
6226,56090238
6226,56171814
6226,60714764
6226,64366794
6226,64842643
6226,66242065
6226,68410917
6226,69822207
6226,74327873
6226,78285854
6226,81934210
6226,83512319
6226,89363882
6226,91393831
6226,92831727
6226,95628057
6226,95819455
6226,97812188
6226,101285257
6233,14928330
6233,16204416
6233,19737160
6233,21515662
6233,26093079
6233,30739475
6233,32872320
6233,34834509
6233,41180716
6233,41773545
6233,47449576
6233,52816444
6233,57743387
6237,9039683
6237,10168287
6237,10699738
6237,11705963
6237,12339935
6237,12964037
6237,13914925
6237,20189371
6237,21284004
6237,28288304
6237,33330468
6237,43212544
6237,47534294
6237,55932562
6237,64134988
6237,67272893
6237,67612451
6237,72868071
6237,85921427
6237,86749483
6237,88987234
6237,89675368
6237,92132611
6237,95258486
6237,96837612
6237,97222355
6246,4121561
6246,4601815
6246,5885373
6246,6732115
6246,9984305
6246,10316911
6246,11506139
6246,11992595
6246,14593483
6246,19473322
6246,21060373
6246,21383273
6246,22998500
6246,31351983
6246,39702302
6246,41224976
6246,45459450
6246,47014332
6246,48469802
6246,48541862
6246,52561256
6246,53244890
6246,55232793
6246,67357715
6246,68519468
6246,69601400
6246,74010276
6246,74629783
6246,74837510
6246,77028412
6246,94311976
6246,103527777
6246,104746704
6246,107775941
6250,4649171
6250,13565648
6250,16011348
6250,18658425
6250,23512230
6250,24557793
6250,25671059
6250,26014037
6250,27573779
6250,29744961
6250,30702829
6250,31155715
6250,41623760
6250,46574597
6250,46639392
6252,4369433
6252,7120405
6252,13787415
6252,15764866
6252,17630530
6252,21544081
6252,24006307
6252,24218827
6252,26739078
6252,31513816
6252,35458501
6252,36679046
6252,37315145
6252,38157814
6252,40681306
6252,41386962
6252,52462311
6252,56481936
6252,57250523
6252,58106771
6252,59052038
6252,61080315
6252,62841836
6252,63290295
6252,78684324
6252,83507891
6252,86584522
6252,87664244
6252,95396228
6252,101175138
6252,102193437
6252,105398584
6252,108428449
6252,108865904
6252,109786182
6252,111159536
6252,112532102
6252,112960559
6252,116383904
6252,118951492
6252,125323991
6252,127863222
6252,129235159
6252,129627465
6252,133901250
6252,134165781
6252,136480113
6252,138752762
6252,139009884
6252,140455529
6252,141799369
6252,145885203
6252,150072837
6252,154279662
6252,158450691
6252,158990557
6252,161414027
6252,162303528
6264,1292125
6264,3786292
6264,6028133
6264,6607033
6264,8535480
6264,21009096
6264,23727509
6264,27411956
6264,28094171
6264,40741626
6264,41165242
6264,48770716
6264,51453266
6264,58512076
6264,59571811
6264,62544721
6264,66766092
6264,69274570
6264,72362232
6264,76412732
6264,89048258
6264,89117261
6264,90314006
6264,100864738
6264,102772710
6264,106472255
6264,116671489
6264,117372021
6264,120041009
6264,128640327
6264,130998179
6264,131416403
6264,134429173
6264,136049979
6264,138470858
6264,140664903
6264,143348493
6264,146088305
6264,148344223
6264,148647152
6264,150302137
6264,163863851
6264,166229953
6264,167947241
6264,172853880
6264,175484788
6264,179864959
6264,181254958
6264,182825663
6264,184220578
6286,1513633
6286,1761231
6286,4240383
6286,18578195
6286,18594595
6286,19075406
6286,19973577
6286,20004062
6286,20368507
6286,24203269
6286,27774114
6286,33418153
6286,34316411
6286,54147118
6286,59984060
6286,60963178
6286,71124465
6286,73833036
6286,74875936
6286,75643230
6286,75962305
6286,75988917
6286,76697202
6286,78395378
6286,91900616
6286,100987766
6286,104299407
6286,105131734
6286,106120231
6286,114403322
6286,115916255
6286,116541848
6286,120367293
6286,127004614
6286,129956526
6286,134843273
6286,142345928
6286,145047098
6286,146057056
6286,150836897
6286,150973642
6286,160317681
6286,164709403
6286,170432271
6286,170690669
6286,170932231
6577,8791795
6577,9904166
6577,15695547
6577,22139484
6577,24271599
6577,27502936
6577,30192442
6577,30371740
6577,30518141
6577,31959919
6577,41304888
6577,45553457
6577,50275106
6577,51755406
6577,58034363
6577,58905366
6577,70609567
6577,80681654
6577,90020494
6577,94419439
6577,103827056
6577,109361112
6577,119308457
6577,127832557
6577,136077070
6577,141188837
6577,141366227
6577,146090189
6577,153855220
6577,155007952
6577,157469647
6577,164094929
6577,168348658
6577,169600450
6577,172882985
6577,175272904
6577,178556837
6577,180082508
6577,193883994
6577,200076306
6577,201464293
6577,204311373
6577,217912325
6577,221785728
6577,224034152
6577,224981036
6577,227341618
6577,228116759
6577,232854306
6577,233502803
6577,235689804
6577,241856850
6577,267721695
6577,269107191
6577,276054131
6577,277257589
6577,281174935
6577,282209515
6577,283964367
6593,2892085
6593,21478748
6593,24745839
6593,26057631
6593,28103552
6593,40865708
6593,45058207
6593,46445746
6593,46924855
6593,56958337
6593,58388733
6593,61273489
6593,67166790
6593,69052228
6593,76499719
6593,76750731
6593,77668722
6593,77910907
6593,87555164
6593,97323252
6593,104040800
6593,104532312
6593,104771956
6593,106740293
6593,108991887
6593,115216840
6593,121927730
6593,128653719
6593,132553758
6593,133577022
6593,136638216
6593,144100419
6593,149871323
6593,153284976
6593,162255346
6593,162436764
6593,166321170
6593,168319634
6593,171595337
6593,174035004
6593,174253376
6593,181910934
6593,182819849
6593,186133132
6593,188933902
6593,192601616
6593,192877965
6593,194194372
6593,203185897
6593,206253794
6593,208103905
6593,210763125
6593,215174675
6593,216882154
6593,221897976
6593,228449308
6593,237223968
6593,239633316
6593,247753726
6593,261194135
6593,263799458
6593,263937343
6593,266208685
6593,276951672
6593,284995745
6593,292857281
6640,4611374
6640,9771342
6640,19607659
6640,26919226
6640,34929307
6640,35547145
6640,49321027
6640,52432412
6640,52476304
6640,61785031
6640,66591491
6640,70556208
6640,71633702
6640,72663359
6640,74222812
6640,81631129
6640,83398317
6640,95955082
6640,98883980
6640,100787703
6640,103817761
6640,104948623
6640,109680713
6640,113056913
6640,141838864
6640,145105137
6640,149609396
6640,152919556
6640,156804137
6640,161285394
6640,171134611
6640,172495486
6640,178110245
6640,183939945
6640,185822946
6640,187548063
6640,194534261
6640,199908550
6640,210901387
6640,214424986
6640,216919237
6640,217493056
6640,218230800
6640,218558222
6640,222311617
6640,228267411
6640,229836796
6640,235736563
6640,237845981
6640,238270356
6640,247534565
6640,248130095
6640,249597177
6640,256460296
6640,256727545
6640,263577818
6640,263788541
6640,263950327
6640,264925202
6640,269010447
6640,271114761
6640,279101354
6640,281264385
6640,288122455
6640,293050322
6640,297930160
6640,303146709
6640,308996784
6640,309614890
6640,327619890
6640,331878688
6640,332039047
6640,332928073
6640,335315021
6640,338121234
6640,348627887
6640,351491741
6640,351967956
6640,359011930
6640,363400031
6663,6032227
6663,7029448
6663,12027270
6663,16657923
6663,21084195
6663,23081148
6663,29188092
6663,34100805
6663,38643259
6663,40530156
6663,54924576
6663,55758421
6663,56980139
6663,62996853
6663,64195812
6663,64683659
6663,65091790
6663,76371917
6663,78214307
6663,83393145
6663,101146792
6663,107216868
6663,108675029
6663,115168310
6663,115671435
6663,127734145
6663,130603272
6663,131522987
6663,136345931
6663,137876111
6663,145148917
6663,152759520
6663,155951413
6663,161114394
6663,161443282
6663,165329036
6663,169608593
6663,171173808
6663,172674754
6663,172737111
6663,176093204
6663,176556531
6663,184509065
6663,193049093
6663,195061777
6663,201166586
6663,206633992
6663,207582162
6663,211299525
6663,212652763
6663,226565859
6663,228735298
6663,229117881
6663,233159151
6663,233402118
6663,252198269
6663,255421050
6663,256293528
6663,263456498
6663,267708107
6663,271845389
